release_date,spawning_year,folder,array_task_id,script
1993-11-15,1994,KRICO_0001,1,run.py
1993-11-16,1994,KRICO_0001,2,run.py
1993-11-17,1994,KRICO_0001,3,run.py
1993-11-18,1994,KRICO_0001,4,run.py
1993-11-19,1994,KRICO_0001,5,run.py
1993-11-20,1994,KRICO_0001,6,run.py
1993-11-21,1994,KRICO_0001,7,run.py
1993-11-22,1994,KRICO_0001,8,run.py
1993-11-23,1994,KRICO_0001,9,run.py
1993-11-24,1994,KRICO_0001,10,run.py
1993-11-25,1994,KRICO_0001,11,run.py
1993-11-26,1994,KRICO_0001,12,run.py
1993-11-27,1994,KRICO_0001,13,run.py
1993-11-28,1994,KRICO_0001,14,run.py
1993-11-29,1994,KRICO_0001,15,run.py
1993-11-30,1994,KRICO_0001,16,run.py
1993-12-01,1994,KRICO_0001,18,run.py
1993-12-02,1994,KRICO_0001,19,run.py
1993-12-03,1994,KRICO_0001,20,run.py
1993-12-04,1994,KRICO_0001,21,run.py
1993-12-05,1994,KRICO_0001,22,run.py
1993-12-06,1994,KRICO_0001,23,run.py
1993-12-07,1994,KRICO_0001,24,run.py
1993-12-08,1994,KRICO_0001,25,run.py
1993-12-09,1994,KRICO_0001,26,run.py
1993-12-10,1994,KRICO_0001,27,run.py
1993-12-11,1994,KRICO_0001,28,run.py
1993-12-12,1994,KRICO_0001,29,run.py
1993-12-13,1994,KRICO_0001,30,run.py
1993-12-14,1994,KRICO_0001,31,run.py
1993-12-15,1994,KRICO_0002,1,run.py
1993-12-16,1994,KRICO_0002,2,run.py
1993-12-17,1994,KRICO_0002,3,run.py
1993-12-18,1994,KRICO_0002,4,run.py
1993-12-19,1994,KRICO_0002,5,run.py
1993-12-20,1994,KRICO_0002,6,run.py
1993-12-21,1994,KRICO_0002,7,run.py
1993-12-22,1994,KRICO_0002,8,run.py
1993-12-23,1994,KRICO_0002,9,run.py
1993-12-24,1994,KRICO_0002,10,run.py
1993-12-25,1994,KRICO_0002,11,run.py
1993-12-26,1994,KRICO_0002,12,run.py
1993-12-27,1994,KRICO_0002,13,run.py
1993-12-28,1994,KRICO_0002,14,run.py
1993-12-29,1994,KRICO_0002,15,run.py
1993-12-30,1994,KRICO_0002,16,run.py
1993-12-31,1994,KRICO_0002,17,run.py
1994-01-01,1994,KRICO_0002,18,run.py
1994-01-02,1994,KRICO_0002,19,run.py
1994-01-03,1994,KRICO_0002,20,run.py
1994-01-04,1994,KRICO_0002,21,run.py
1994-01-05,1994,KRICO_0002,22,run.py
1994-01-06,1994,KRICO_0002,23,run.py
1994-01-07,1994,KRICO_0002,24,run.py
1994-01-08,1994,KRICO_0002,25,run.py
1994-01-09,1994,KRICO_0002,26,run.py
1994-01-10,1994,KRICO_0002,27,run.py
1994-01-11,1994,KRICO_0002,28,run.py
1994-01-12,1994,KRICO_0002,29,run.py
1994-01-13,1994,KRICO_0002,30,run.py
1994-01-14,1994,KRICO_0002,31,run.py
1994-01-15,1994,KRICO_0003,1,run.py
1994-01-16,1994,KRICO_0003,2,run.py
1994-01-17,1994,KRICO_0003,3,run.py
1994-01-18,1994,KRICO_0003,4,run.py
1994-01-19,1994,KRICO_0003,5,run.py
1994-01-20,1994,KRICO_0003,6,run.py
1994-01-21,1994,KRICO_0003,7,run.py
1994-01-22,1994,KRICO_0003,8,run.py
1994-01-23,1994,KRICO_0003,9,run.py
1994-01-24,1994,KRICO_0003,10,run.py
1994-01-25,1994,KRICO_0003,11,run.py
1994-01-26,1994,KRICO_0003,12,run.py
1994-01-27,1994,KRICO_0003,13,run.py
1994-01-28,1994,KRICO_0003,14,run.py
1994-01-29,1994,KRICO_0003,15,run.py
1994-01-30,1994,KRICO_0003,16,run.py
1994-01-31,1994,KRICO_0003,17,run.py
1994-02-01,1994,KRICO_0003,18,run.py
1994-02-02,1994,KRICO_0003,19,run.py
1994-02-03,1994,KRICO_0003,20,run.py
1994-02-04,1994,KRICO_0003,21,run.py
1994-02-05,1994,KRICO_0003,22,run.py
1994-02-06,1994,KRICO_0003,23,run.py
1994-02-07,1994,KRICO_0003,24,run.py
1994-02-08,1994,KRICO_0003,25,run.py
1994-02-09,1994,KRICO_0003,26,run.py
1994-02-10,1994,KRICO_0003,27,run.py
1994-02-11,1994,KRICO_0003,28,run.py
1994-02-12,1994,KRICO_0003,29,run.py
1994-02-13,1994,KRICO_0003,30,run.py
1994-02-14,1994,KRICO_0003,31,run.py
1994-02-15,1994,KRICO_0004,1,run.py
1994-02-16,1994,KRICO_0004,2,run.py
1994-02-17,1994,KRICO_0004,3,run.py
1994-02-18,1994,KRICO_0004,4,run.py
1994-02-19,1994,KRICO_0004,5,run.py
1994-02-20,1994,KRICO_0004,6,run.py
1994-02-21,1994,KRICO_0004,7,run.py
1994-02-22,1994,KRICO_0004,8,run.py
1994-02-23,1994,KRICO_0004,9,run.py
1994-02-24,1994,KRICO_0004,10,run.py
1994-02-25,1994,KRICO_0004,11,run.py
1994-02-26,1994,KRICO_0004,12,run.py
1994-02-27,1994,KRICO_0004,13,run.py
1994-02-28,1994,KRICO_0004,14,run.py
1994-03-01,1994,KRICO_0004,18,run.py
1994-03-02,1994,KRICO_0004,19,run.py
1994-03-03,1994,KRICO_0004,20,run.py
1994-03-04,1994,KRICO_0004,21,run.py
1994-03-05,1994,KRICO_0004,22,run.py
1994-03-06,1994,KRICO_0004,23,run.py
1994-03-07,1994,KRICO_0004,24,run.py
1994-03-08,1994,KRICO_0004,25,run.py
1994-03-09,1994,KRICO_0004,26,run.py
1994-03-10,1994,KRICO_0004,27,run.py
1994-03-11,1994,KRICO_0004,28,run.py
1994-03-12,1994,KRICO_0004,29,run.py
1994-03-13,1994,KRICO_0004,30,run.py
1994-03-14,1994,KRICO_0004,31,run.py
1994-11-15,1995,KRICO_0005,1,run.py
1994-11-16,1995,KRICO_0005,2,run.py
1994-11-17,1995,KRICO_0005,3,run.py
1994-11-18,1995,KRICO_0005,4,run.py
1994-11-19,1995,KRICO_0005,5,run.py
1994-11-20,1995,KRICO_0005,6,run.py
1994-11-21,1995,KRICO_0005,7,run.py
1994-11-22,1995,KRICO_0005,8,run.py
1994-11-23,1995,KRICO_0005,9,run.py
1994-11-24,1995,KRICO_0005,10,run.py
1994-11-25,1995,KRICO_0005,11,run.py
1994-11-26,1995,KRICO_0005,12,run.py
1994-11-27,1995,KRICO_0005,13,run.py
1994-11-28,1995,KRICO_0005,14,run.py
1994-11-29,1995,KRICO_0005,15,run.py
1994-11-30,1995,KRICO_0005,16,run.py
1994-12-01,1995,KRICO_0005,18,run.py
1994-12-02,1995,KRICO_0005,19,run.py
1994-12-03,1995,KRICO_0005,20,run.py
1994-12-04,1995,KRICO_0005,21,run.py
1994-12-05,1995,KRICO_0005,22,run.py
1994-12-06,1995,KRICO_0005,23,run.py
1994-12-07,1995,KRICO_0005,24,run.py
1994-12-08,1995,KRICO_0005,25,run.py
1994-12-09,1995,KRICO_0005,26,run.py
1994-12-10,1995,KRICO_0005,27,run.py
1994-12-11,1995,KRICO_0005,28,run.py
1994-12-12,1995,KRICO_0005,29,run.py
1994-12-13,1995,KRICO_0005,30,run.py
1994-12-14,1995,KRICO_0005,31,run.py
1994-12-15,1995,KRICO_0006,1,run.py
1994-12-16,1995,KRICO_0006,2,run.py
1994-12-17,1995,KRICO_0006,3,run.py
1994-12-18,1995,KRICO_0006,4,run.py
1994-12-19,1995,KRICO_0006,5,run.py
1994-12-20,1995,KRICO_0006,6,run.py
1994-12-21,1995,KRICO_0006,7,run.py
1994-12-22,1995,KRICO_0006,8,run.py
1994-12-23,1995,KRICO_0006,9,run.py
1994-12-24,1995,KRICO_0006,10,run.py
1994-12-25,1995,KRICO_0006,11,run.py
1994-12-26,1995,KRICO_0006,12,run.py
1994-12-27,1995,KRICO_0006,13,run.py
1994-12-28,1995,KRICO_0006,14,run.py
1994-12-29,1995,KRICO_0006,15,run.py
1994-12-30,1995,KRICO_0006,16,run.py
1994-12-31,1995,KRICO_0006,17,run.py
1995-01-01,1995,KRICO_0006,18,run.py
1995-01-02,1995,KRICO_0006,19,run.py
1995-01-03,1995,KRICO_0006,20,run.py
1995-01-04,1995,KRICO_0006,21,run.py
1995-01-05,1995,KRICO_0006,22,run.py
1995-01-06,1995,KRICO_0006,23,run.py
1995-01-07,1995,KRICO_0006,24,run.py
1995-01-08,1995,KRICO_0006,25,run.py
1995-01-09,1995,KRICO_0006,26,run.py
1995-01-10,1995,KRICO_0006,27,run.py
1995-01-11,1995,KRICO_0006,28,run.py
1995-01-12,1995,KRICO_0006,29,run.py
1995-01-13,1995,KRICO_0006,30,run.py
1995-01-14,1995,KRICO_0006,31,run.py
1995-01-15,1995,KRICO_0007,1,run.py
1995-01-16,1995,KRICO_0007,2,run.py
1995-01-17,1995,KRICO_0007,3,run.py
1995-01-18,1995,KRICO_0007,4,run.py
1995-01-19,1995,KRICO_0007,5,run.py
1995-01-20,1995,KRICO_0007,6,run.py
1995-01-21,1995,KRICO_0007,7,run.py
1995-01-22,1995,KRICO_0007,8,run.py
1995-01-23,1995,KRICO_0007,9,run.py
1995-01-24,1995,KRICO_0007,10,run.py
1995-01-25,1995,KRICO_0007,11,run.py
1995-01-26,1995,KRICO_0007,12,run.py
1995-01-27,1995,KRICO_0007,13,run.py
1995-01-28,1995,KRICO_0007,14,run.py
1995-01-29,1995,KRICO_0007,15,run.py
1995-01-30,1995,KRICO_0007,16,run.py
1995-01-31,1995,KRICO_0007,17,run.py
1995-02-01,1995,KRICO_0007,18,run.py
1995-02-02,1995,KRICO_0007,19,run.py
1995-02-03,1995,KRICO_0007,20,run.py
1995-02-04,1995,KRICO_0007,21,run.py
1995-02-05,1995,KRICO_0007,22,run.py
1995-02-06,1995,KRICO_0007,23,run.py
1995-02-07,1995,KRICO_0007,24,run.py
1995-02-08,1995,KRICO_0007,25,run.py
1995-02-09,1995,KRICO_0007,26,run.py
1995-02-10,1995,KRICO_0007,27,run.py
1995-02-11,1995,KRICO_0007,28,run.py
1995-02-12,1995,KRICO_0007,29,run.py
1995-02-13,1995,KRICO_0007,30,run.py
1995-02-14,1995,KRICO_0007,31,run.py
1995-02-15,1995,KRICO_0008,1,run.py
1995-02-16,1995,KRICO_0008,2,run.py
1995-02-17,1995,KRICO_0008,3,run.py
1995-02-18,1995,KRICO_0008,4,run.py
1995-02-19,1995,KRICO_0008,5,run.py
1995-02-20,1995,KRICO_0008,6,run.py
1995-02-21,1995,KRICO_0008,7,run.py
1995-02-22,1995,KRICO_0008,8,run.py
1995-02-23,1995,KRICO_0008,9,run.py
1995-02-24,1995,KRICO_0008,10,run.py
1995-02-25,1995,KRICO_0008,11,run.py
1995-02-26,1995,KRICO_0008,12,run.py
1995-02-27,1995,KRICO_0008,13,run.py
1995-02-28,1995,KRICO_0008,14,run.py
1995-03-01,1995,KRICO_0008,18,run.py
1995-03-02,1995,KRICO_0008,19,run.py
1995-03-03,1995,KRICO_0008,20,run.py
1995-03-04,1995,KRICO_0008,21,run.py
1995-03-05,1995,KRICO_0008,22,run.py
1995-03-06,1995,KRICO_0008,23,run.py
1995-03-07,1995,KRICO_0008,24,run.py
1995-03-08,1995,KRICO_0008,25,run.py
1995-03-09,1995,KRICO_0008,26,run.py
1995-03-10,1995,KRICO_0008,27,run.py
1995-03-11,1995,KRICO_0008,28,run.py
1995-03-12,1995,KRICO_0008,29,run.py
1995-03-13,1995,KRICO_0008,30,run.py
1995-03-14,1995,KRICO_0008,31,run.py
1995-11-15,1996,KRICO_0009,1,run.py
1995-11-16,1996,KRICO_0009,2,run.py
1995-11-17,1996,KRICO_0009,3,run.py
1995-11-18,1996,KRICO_0009,4,run.py
1995-11-19,1996,KRICO_0009,5,run.py
1995-11-20,1996,KRICO_0009,6,run.py
1995-11-21,1996,KRICO_0009,7,run.py
1995-11-22,1996,KRICO_0009,8,run.py
1995-11-23,1996,KRICO_0009,9,run.py
1995-11-24,1996,KRICO_0009,10,run.py
1995-11-25,1996,KRICO_0009,11,run.py
1995-11-26,1996,KRICO_0009,12,run.py
1995-11-27,1996,KRICO_0009,13,run.py
1995-11-28,1996,KRICO_0009,14,run.py
1995-11-29,1996,KRICO_0009,15,run.py
1995-11-30,1996,KRICO_0009,16,run.py
1995-12-01,1996,KRICO_0009,18,run.py
1995-12-02,1996,KRICO_0009,19,run.py
1995-12-03,1996,KRICO_0009,20,run.py
1995-12-04,1996,KRICO_0009,21,run.py
1995-12-05,1996,KRICO_0009,22,run.py
1995-12-06,1996,KRICO_0009,23,run.py
1995-12-07,1996,KRICO_0009,24,run.py
1995-12-08,1996,KRICO_0009,25,run.py
1995-12-09,1996,KRICO_0009,26,run.py
1995-12-10,1996,KRICO_0009,27,run.py
1995-12-11,1996,KRICO_0009,28,run.py
1995-12-12,1996,KRICO_0009,29,run.py
1995-12-13,1996,KRICO_0009,30,run.py
1995-12-14,1996,KRICO_0009,31,run.py
1995-12-15,1996,KRICO_0010,1,run.py
1995-12-16,1996,KRICO_0010,2,run.py
1995-12-17,1996,KRICO_0010,3,run.py
1995-12-18,1996,KRICO_0010,4,run.py
1995-12-19,1996,KRICO_0010,5,run.py
1995-12-20,1996,KRICO_0010,6,run.py
1995-12-21,1996,KRICO_0010,7,run.py
1995-12-22,1996,KRICO_0010,8,run.py
1995-12-23,1996,KRICO_0010,9,run.py
1995-12-24,1996,KRICO_0010,10,run.py
1995-12-25,1996,KRICO_0010,11,run.py
1995-12-26,1996,KRICO_0010,12,run.py
1995-12-27,1996,KRICO_0010,13,run.py
1995-12-28,1996,KRICO_0010,14,run.py
1995-12-29,1996,KRICO_0010,15,run.py
1995-12-30,1996,KRICO_0010,16,run.py
1995-12-31,1996,KRICO_0010,17,run.py
1996-01-01,1996,KRICO_0010,18,run.py
1996-01-02,1996,KRICO_0010,19,run.py
1996-01-03,1996,KRICO_0010,20,run.py
1996-01-04,1996,KRICO_0010,21,run.py
1996-01-05,1996,KRICO_0010,22,run.py
1996-01-06,1996,KRICO_0010,23,run.py
1996-01-07,1996,KRICO_0010,24,run.py
1996-01-08,1996,KRICO_0010,25,run.py
1996-01-09,1996,KRICO_0010,26,run.py
1996-01-10,1996,KRICO_0010,27,run.py
1996-01-11,1996,KRICO_0010,28,run.py
1996-01-12,1996,KRICO_0010,29,run.py
1996-01-13,1996,KRICO_0010,30,run.py
1996-01-14,1996,KRICO_0010,31,run.py
1996-01-15,1996,KRICO_0011,1,run.py
1996-01-16,1996,KRICO_0011,2,run.py
1996-01-17,1996,KRICO_0011,3,run.py
1996-01-18,1996,KRICO_0011,4,run.py
1996-01-19,1996,KRICO_0011,5,run.py
1996-01-20,1996,KRICO_0011,6,run.py
1996-01-21,1996,KRICO_0011,7,run.py
1996-01-22,1996,KRICO_0011,8,run.py
1996-01-23,1996,KRICO_0011,9,run.py
1996-01-24,1996,KRICO_0011,10,run.py
1996-01-25,1996,KRICO_0011,11,run.py
1996-01-26,1996,KRICO_0011,12,run.py
1996-01-27,1996,KRICO_0011,13,run.py
1996-01-28,1996,KRICO_0011,14,run.py
1996-01-29,1996,KRICO_0011,15,run.py
1996-01-30,1996,KRICO_0011,16,run.py
1996-01-31,1996,KRICO_0011,17,run.py
1996-02-01,1996,KRICO_0011,18,run.py
1996-02-02,1996,KRICO_0011,19,run.py
1996-02-03,1996,KRICO_0011,20,run.py
1996-02-04,1996,KRICO_0011,21,run.py
1996-02-05,1996,KRICO_0011,22,run.py
1996-02-06,1996,KRICO_0011,23,run.py
1996-02-07,1996,KRICO_0011,24,run.py
1996-02-08,1996,KRICO_0011,25,run.py
1996-02-09,1996,KRICO_0011,26,run.py
1996-02-10,1996,KRICO_0011,27,run.py
1996-02-11,1996,KRICO_0011,28,run.py
1996-02-12,1996,KRICO_0011,29,run.py
1996-02-13,1996,KRICO_0011,30,run.py
1996-02-14,1996,KRICO_0011,31,run.py
1996-02-15,1996,KRICO_0012,1,run.py
1996-02-16,1996,KRICO_0012,2,run.py
1996-02-17,1996,KRICO_0012,3,run.py
1996-02-18,1996,KRICO_0012,4,run.py
1996-02-19,1996,KRICO_0012,5,run.py
1996-02-20,1996,KRICO_0012,6,run.py
1996-02-21,1996,KRICO_0012,7,run.py
1996-02-22,1996,KRICO_0012,8,run.py
1996-02-23,1996,KRICO_0012,9,run.py
1996-02-24,1996,KRICO_0012,10,run.py
1996-02-25,1996,KRICO_0012,11,run.py
1996-02-26,1996,KRICO_0012,12,run.py
1996-02-27,1996,KRICO_0012,13,run.py
1996-02-28,1996,KRICO_0012,14,run.py
1996-02-29,1996,KRICO_0012,15,run.py
1996-03-01,1996,KRICO_0012,18,run.py
1996-03-02,1996,KRICO_0012,19,run.py
1996-03-03,1996,KRICO_0012,20,run.py
1996-03-04,1996,KRICO_0012,21,run.py
1996-03-05,1996,KRICO_0012,22,run.py
1996-03-06,1996,KRICO_0012,23,run.py
1996-03-07,1996,KRICO_0012,24,run.py
1996-03-08,1996,KRICO_0012,25,run.py
1996-03-09,1996,KRICO_0012,26,run.py
1996-03-10,1996,KRICO_0012,27,run.py
1996-03-11,1996,KRICO_0012,28,run.py
1996-03-12,1996,KRICO_0012,29,run.py
1996-03-13,1996,KRICO_0012,30,run.py
1996-03-14,1996,KRICO_0012,31,run.py
1996-11-15,1997,KRICO_0013,1,run.py
1996-11-16,1997,KRICO_0013,2,run.py
1996-11-17,1997,KRICO_0013,3,run.py
1996-11-18,1997,KRICO_0013,4,run.py
1996-11-19,1997,KRICO_0013,5,run.py
1996-11-20,1997,KRICO_0013,6,run.py
1996-11-21,1997,KRICO_0013,7,run.py
1996-11-22,1997,KRICO_0013,8,run.py
1996-11-23,1997,KRICO_0013,9,run.py
1996-11-24,1997,KRICO_0013,10,run.py
1996-11-25,1997,KRICO_0013,11,run.py
1996-11-26,1997,KRICO_0013,12,run.py
1996-11-27,1997,KRICO_0013,13,run.py
1996-11-28,1997,KRICO_0013,14,run.py
1996-11-29,1997,KRICO_0013,15,run.py
1996-11-30,1997,KRICO_0013,16,run.py
1996-12-01,1997,KRICO_0013,18,run.py
1996-12-02,1997,KRICO_0013,19,run.py
1996-12-03,1997,KRICO_0013,20,run.py
1996-12-04,1997,KRICO_0013,21,run.py
1996-12-05,1997,KRICO_0013,22,run.py
1996-12-06,1997,KRICO_0013,23,run.py
1996-12-07,1997,KRICO_0013,24,run.py
1996-12-08,1997,KRICO_0013,25,run.py
1996-12-09,1997,KRICO_0013,26,run.py
1996-12-10,1997,KRICO_0013,27,run.py
1996-12-11,1997,KRICO_0013,28,run.py
1996-12-12,1997,KRICO_0013,29,run.py
1996-12-13,1997,KRICO_0013,30,run.py
1996-12-14,1997,KRICO_0013,31,run.py
1996-12-15,1997,KRICO_0014,1,run.py
1996-12-16,1997,KRICO_0014,2,run.py
1996-12-17,1997,KRICO_0014,3,run.py
1996-12-18,1997,KRICO_0014,4,run.py
1996-12-19,1997,KRICO_0014,5,run.py
1996-12-20,1997,KRICO_0014,6,run.py
1996-12-21,1997,KRICO_0014,7,run.py
1996-12-22,1997,KRICO_0014,8,run.py
1996-12-23,1997,KRICO_0014,9,run.py
1996-12-24,1997,KRICO_0014,10,run.py
1996-12-25,1997,KRICO_0014,11,run.py
1996-12-26,1997,KRICO_0014,12,run.py
1996-12-27,1997,KRICO_0014,13,run.py
1996-12-28,1997,KRICO_0014,14,run.py
1996-12-29,1997,KRICO_0014,15,run.py
1996-12-30,1997,KRICO_0014,16,run.py
1996-12-31,1997,KRICO_0014,17,run.py
1997-01-01,1997,KRICO_0014,18,run.py
1997-01-02,1997,KRICO_0014,19,run.py
1997-01-03,1997,KRICO_0014,20,run.py
1997-01-04,1997,KRICO_0014,21,run.py
1997-01-05,1997,KRICO_0014,22,run.py
1997-01-06,1997,KRICO_0014,23,run.py
1997-01-07,1997,KRICO_0014,24,run.py
1997-01-08,1997,KRICO_0014,25,run.py
1997-01-09,1997,KRICO_0014,26,run.py
1997-01-10,1997,KRICO_0014,27,run.py
1997-01-11,1997,KRICO_0014,28,run.py
1997-01-12,1997,KRICO_0014,29,run.py
1997-01-13,1997,KRICO_0014,30,run.py
1997-01-14,1997,KRICO_0014,31,run.py
1997-01-15,1997,KRICO_0015,1,run.py
1997-01-16,1997,KRICO_0015,2,run.py
1997-01-17,1997,KRICO_0015,3,run.py
1997-01-18,1997,KRICO_0015,4,run.py
1997-01-19,1997,KRICO_0015,5,run.py
1997-01-20,1997,KRICO_0015,6,run.py
1997-01-21,1997,KRICO_0015,7,run.py
1997-01-22,1997,KRICO_0015,8,run.py
1997-01-23,1997,KRICO_0015,9,run.py
1997-01-24,1997,KRICO_0015,10,run.py
1997-01-25,1997,KRICO_0015,11,run.py
1997-01-26,1997,KRICO_0015,12,run.py
1997-01-27,1997,KRICO_0015,13,run.py
1997-01-28,1997,KRICO_0015,14,run.py
1997-01-29,1997,KRICO_0015,15,run.py
1997-01-30,1997,KRICO_0015,16,run.py
1997-01-31,1997,KRICO_0015,17,run.py
1997-02-01,1997,KRICO_0015,18,run.py
1997-02-02,1997,KRICO_0015,19,run.py
1997-02-03,1997,KRICO_0015,20,run.py
1997-02-04,1997,KRICO_0015,21,run.py
1997-02-05,1997,KRICO_0015,22,run.py
1997-02-06,1997,KRICO_0015,23,run.py
1997-02-07,1997,KRICO_0015,24,run.py
1997-02-08,1997,KRICO_0015,25,run.py
1997-02-09,1997,KRICO_0015,26,run.py
1997-02-10,1997,KRICO_0015,27,run.py
1997-02-11,1997,KRICO_0015,28,run.py
1997-02-12,1997,KRICO_0015,29,run.py
1997-02-13,1997,KRICO_0015,30,run.py
1997-02-14,1997,KRICO_0015,31,run.py
1997-02-15,1997,KRICO_0016,1,run.py
1997-02-16,1997,KRICO_0016,2,run.py
1997-02-17,1997,KRICO_0016,3,run.py
1997-02-18,1997,KRICO_0016,4,run.py
1997-02-19,1997,KRICO_0016,5,run.py
1997-02-20,1997,KRICO_0016,6,run.py
1997-02-21,1997,KRICO_0016,7,run.py
1997-02-22,1997,KRICO_0016,8,run.py
1997-02-23,1997,KRICO_0016,9,run.py
1997-02-24,1997,KRICO_0016,10,run.py
1997-02-25,1997,KRICO_0016,11,run.py
1997-02-26,1997,KRICO_0016,12,run.py
1997-02-27,1997,KRICO_0016,13,run.py
1997-02-28,1997,KRICO_0016,14,run.py
1997-03-01,1997,KRICO_0016,18,run.py
1997-03-02,1997,KRICO_0016,19,run.py
1997-03-03,1997,KRICO_0016,20,run.py
1997-03-04,1997,KRICO_0016,21,run.py
1997-03-05,1997,KRICO_0016,22,run.py
1997-03-06,1997,KRICO_0016,23,run.py
1997-03-07,1997,KRICO_0016,24,run.py
1997-03-08,1997,KRICO_0016,25,run.py
1997-03-09,1997,KRICO_0016,26,run.py
1997-03-10,1997,KRICO_0016,27,run.py
1997-03-11,1997,KRICO_0016,28,run.py
1997-03-12,1997,KRICO_0016,29,run.py
1997-03-13,1997,KRICO_0016,30,run.py
1997-03-14,1997,KRICO_0016,31,run.py
1997-11-15,1998,KRICO_0017,1,run.py
1997-11-16,1998,KRICO_0017,2,run.py
1997-11-17,1998,KRICO_0017,3,run.py
1997-11-18,1998,KRICO_0017,4,run.py
1997-11-19,1998,KRICO_0017,5,run.py
1997-11-20,1998,KRICO_0017,6,run.py
1997-11-21,1998,KRICO_0017,7,run.py
1997-11-22,1998,KRICO_0017,8,run.py
1997-11-23,1998,KRICO_0017,9,run.py
1997-11-24,1998,KRICO_0017,10,run.py
1997-11-25,1998,KRICO_0017,11,run.py
1997-11-26,1998,KRICO_0017,12,run.py
1997-11-27,1998,KRICO_0017,13,run.py
1997-11-28,1998,KRICO_0017,14,run.py
1997-11-29,1998,KRICO_0017,15,run.py
1997-11-30,1998,KRICO_0017,16,run.py
1997-12-01,1998,KRICO_0017,18,run.py
1997-12-02,1998,KRICO_0017,19,run.py
1997-12-03,1998,KRICO_0017,20,run.py
1997-12-04,1998,KRICO_0017,21,run.py
1997-12-05,1998,KRICO_0017,22,run.py
1997-12-06,1998,KRICO_0017,23,run.py
1997-12-07,1998,KRICO_0017,24,run.py
1997-12-08,1998,KRICO_0017,25,run.py
1997-12-09,1998,KRICO_0017,26,run.py
1997-12-10,1998,KRICO_0017,27,run.py
1997-12-11,1998,KRICO_0017,28,run.py
1997-12-12,1998,KRICO_0017,29,run.py
1997-12-13,1998,KRICO_0017,30,run.py
1997-12-14,1998,KRICO_0017,31,run.py
1997-12-15,1998,KRICO_0018,1,run.py
1997-12-16,1998,KRICO_0018,2,run.py
1997-12-17,1998,KRICO_0018,3,run.py
1997-12-18,1998,KRICO_0018,4,run.py
1997-12-19,1998,KRICO_0018,5,run.py
1997-12-20,1998,KRICO_0018,6,run.py
1997-12-21,1998,KRICO_0018,7,run.py
1997-12-22,1998,KRICO_0018,8,run.py
1997-12-23,1998,KRICO_0018,9,run.py
1997-12-24,1998,KRICO_0018,10,run.py
1997-12-25,1998,KRICO_0018,11,run.py
1997-12-26,1998,KRICO_0018,12,run.py
1997-12-27,1998,KRICO_0018,13,run.py
1997-12-28,1998,KRICO_0018,14,run.py
1997-12-29,1998,KRICO_0018,15,run.py
1997-12-30,1998,KRICO_0018,16,run.py
1997-12-31,1998,KRICO_0018,17,run.py
1998-01-01,1998,KRICO_0018,18,run.py
1998-01-02,1998,KRICO_0018,19,run.py
1998-01-03,1998,KRICO_0018,20,run.py
1998-01-04,1998,KRICO_0018,21,run.py
1998-01-05,1998,KRICO_0018,22,run.py
1998-01-06,1998,KRICO_0018,23,run.py
1998-01-07,1998,KRICO_0018,24,run.py
1998-01-08,1998,KRICO_0018,25,run.py
1998-01-09,1998,KRICO_0018,26,run.py
1998-01-10,1998,KRICO_0018,27,run.py
1998-01-11,1998,KRICO_0018,28,run.py
1998-01-12,1998,KRICO_0018,29,run.py
1998-01-13,1998,KRICO_0018,30,run.py
1998-01-14,1998,KRICO_0018,31,run.py
1998-01-15,1998,KRICO_0019,1,run.py
1998-01-16,1998,KRICO_0019,2,run.py
1998-01-17,1998,KRICO_0019,3,run.py
1998-01-18,1998,KRICO_0019,4,run.py
1998-01-19,1998,KRICO_0019,5,run.py
1998-01-20,1998,KRICO_0019,6,run.py
1998-01-21,1998,KRICO_0019,7,run.py
1998-01-22,1998,KRICO_0019,8,run.py
1998-01-23,1998,KRICO_0019,9,run.py
1998-01-24,1998,KRICO_0019,10,run.py
1998-01-25,1998,KRICO_0019,11,run.py
1998-01-26,1998,KRICO_0019,12,run.py
1998-01-27,1998,KRICO_0019,13,run.py
1998-01-28,1998,KRICO_0019,14,run.py
1998-01-29,1998,KRICO_0019,15,run.py
1998-01-30,1998,KRICO_0019,16,run.py
1998-01-31,1998,KRICO_0019,17,run.py
1998-02-01,1998,KRICO_0019,18,run.py
1998-02-02,1998,KRICO_0019,19,run.py
1998-02-03,1998,KRICO_0019,20,run.py
1998-02-04,1998,KRICO_0019,21,run.py
1998-02-05,1998,KRICO_0019,22,run.py
1998-02-06,1998,KRICO_0019,23,run.py
1998-02-07,1998,KRICO_0019,24,run.py
1998-02-08,1998,KRICO_0019,25,run.py
1998-02-09,1998,KRICO_0019,26,run.py
1998-02-10,1998,KRICO_0019,27,run.py
1998-02-11,1998,KRICO_0019,28,run.py
1998-02-12,1998,KRICO_0019,29,run.py
1998-02-13,1998,KRICO_0019,30,run.py
1998-02-14,1998,KRICO_0019,31,run.py
1998-02-15,1998,KRICO_0020,1,run.py
1998-02-16,1998,KRICO_0020,2,run.py
1998-02-17,1998,KRICO_0020,3,run.py
1998-02-18,1998,KRICO_0020,4,run.py
1998-02-19,1998,KRICO_0020,5,run.py
1998-02-20,1998,KRICO_0020,6,run.py
1998-02-21,1998,KRICO_0020,7,run.py
1998-02-22,1998,KRICO_0020,8,run.py
1998-02-23,1998,KRICO_0020,9,run.py
1998-02-24,1998,KRICO_0020,10,run.py
1998-02-25,1998,KRICO_0020,11,run.py
1998-02-26,1998,KRICO_0020,12,run.py
1998-02-27,1998,KRICO_0020,13,run.py
1998-02-28,1998,KRICO_0020,14,run.py
1998-03-01,1998,KRICO_0020,18,run.py
1998-03-02,1998,KRICO_0020,19,run.py
1998-03-03,1998,KRICO_0020,20,run.py
1998-03-04,1998,KRICO_0020,21,run.py
1998-03-05,1998,KRICO_0020,22,run.py
1998-03-06,1998,KRICO_0020,23,run.py
1998-03-07,1998,KRICO_0020,24,run.py
1998-03-08,1998,KRICO_0020,25,run.py
1998-03-09,1998,KRICO_0020,26,run.py
1998-03-10,1998,KRICO_0020,27,run.py
1998-03-11,1998,KRICO_0020,28,run.py
1998-03-12,1998,KRICO_0020,29,run.py
1998-03-13,1998,KRICO_0020,30,run.py
1998-03-14,1998,KRICO_0020,31,run.py
1998-11-15,1999,KRICO_0021,1,run.py
1998-11-16,1999,KRICO_0021,2,run.py
1998-11-17,1999,KRICO_0021,3,run.py
1998-11-18,1999,KRICO_0021,4,run.py
1998-11-19,1999,KRICO_0021,5,run.py
1998-11-20,1999,KRICO_0021,6,run.py
1998-11-21,1999,KRICO_0021,7,run.py
1998-11-22,1999,KRICO_0021,8,run.py
1998-11-23,1999,KRICO_0021,9,run.py
1998-11-24,1999,KRICO_0021,10,run.py
1998-11-25,1999,KRICO_0021,11,run.py
1998-11-26,1999,KRICO_0021,12,run.py
1998-11-27,1999,KRICO_0021,13,run.py
1998-11-28,1999,KRICO_0021,14,run.py
1998-11-29,1999,KRICO_0021,15,run.py
1998-11-30,1999,KRICO_0021,16,run.py
1998-12-01,1999,KRICO_0021,18,run.py
1998-12-02,1999,KRICO_0021,19,run.py
1998-12-03,1999,KRICO_0021,20,run.py
1998-12-04,1999,KRICO_0021,21,run.py
1998-12-05,1999,KRICO_0021,22,run.py
1998-12-06,1999,KRICO_0021,23,run.py
1998-12-07,1999,KRICO_0021,24,run.py
1998-12-08,1999,KRICO_0021,25,run.py
1998-12-09,1999,KRICO_0021,26,run.py
1998-12-10,1999,KRICO_0021,27,run.py
1998-12-11,1999,KRICO_0021,28,run.py
1998-12-12,1999,KRICO_0021,29,run.py
1998-12-13,1999,KRICO_0021,30,run.py
1998-12-14,1999,KRICO_0021,31,run.py
1998-12-15,1999,KRICO_0022,1,run.py
1998-12-16,1999,KRICO_0022,2,run.py
1998-12-17,1999,KRICO_0022,3,run.py
1998-12-18,1999,KRICO_0022,4,run.py
1998-12-19,1999,KRICO_0022,5,run.py
1998-12-20,1999,KRICO_0022,6,run.py
1998-12-21,1999,KRICO_0022,7,run.py
1998-12-22,1999,KRICO_0022,8,run.py
1998-12-23,1999,KRICO_0022,9,run.py
1998-12-24,1999,KRICO_0022,10,run.py
1998-12-25,1999,KRICO_0022,11,run.py
1998-12-26,1999,KRICO_0022,12,run.py
1998-12-27,1999,KRICO_0022,13,run.py
1998-12-28,1999,KRICO_0022,14,run.py
1998-12-29,1999,KRICO_0022,15,run.py
1998-12-30,1999,KRICO_0022,16,run.py
1998-12-31,1999,KRICO_0022,17,run.py
1999-01-01,1999,KRICO_0022,18,run.py
1999-01-02,1999,KRICO_0022,19,run.py
1999-01-03,1999,KRICO_0022,20,run.py
1999-01-04,1999,KRICO_0022,21,run.py
1999-01-05,1999,KRICO_0022,22,run.py
1999-01-06,1999,KRICO_0022,23,run.py
1999-01-07,1999,KRICO_0022,24,run.py
1999-01-08,1999,KRICO_0022,25,run.py
1999-01-09,1999,KRICO_0022,26,run.py
1999-01-10,1999,KRICO_0022,27,run.py
1999-01-11,1999,KRICO_0022,28,run.py
1999-01-12,1999,KRICO_0022,29,run.py
1999-01-13,1999,KRICO_0022,30,run.py
1999-01-14,1999,KRICO_0022,31,run.py
1999-01-15,1999,KRICO_0023,1,run.py
1999-01-16,1999,KRICO_0023,2,run.py
1999-01-17,1999,KRICO_0023,3,run.py
1999-01-18,1999,KRICO_0023,4,run.py
1999-01-19,1999,KRICO_0023,5,run.py
1999-01-20,1999,KRICO_0023,6,run.py
1999-01-21,1999,KRICO_0023,7,run.py
1999-01-22,1999,KRICO_0023,8,run.py
1999-01-23,1999,KRICO_0023,9,run.py
1999-01-24,1999,KRICO_0023,10,run.py
1999-01-25,1999,KRICO_0023,11,run.py
1999-01-26,1999,KRICO_0023,12,run.py
1999-01-27,1999,KRICO_0023,13,run.py
1999-01-28,1999,KRICO_0023,14,run.py
1999-01-29,1999,KRICO_0023,15,run.py
1999-01-30,1999,KRICO_0023,16,run.py
1999-01-31,1999,KRICO_0023,17,run.py
1999-02-01,1999,KRICO_0023,18,run.py
1999-02-02,1999,KRICO_0023,19,run.py
1999-02-03,1999,KRICO_0023,20,run.py
1999-02-04,1999,KRICO_0023,21,run.py
1999-02-05,1999,KRICO_0023,22,run.py
1999-02-06,1999,KRICO_0023,23,run.py
1999-02-07,1999,KRICO_0023,24,run.py
1999-02-08,1999,KRICO_0023,25,run.py
1999-02-09,1999,KRICO_0023,26,run.py
1999-02-10,1999,KRICO_0023,27,run.py
1999-02-11,1999,KRICO_0023,28,run.py
1999-02-12,1999,KRICO_0023,29,run.py
1999-02-13,1999,KRICO_0023,30,run.py
1999-02-14,1999,KRICO_0023,31,run.py
1999-02-15,1999,KRICO_0024,1,run.py
1999-02-16,1999,KRICO_0024,2,run.py
1999-02-17,1999,KRICO_0024,3,run.py
1999-02-18,1999,KRICO_0024,4,run.py
1999-02-19,1999,KRICO_0024,5,run.py
1999-02-20,1999,KRICO_0024,6,run.py
1999-02-21,1999,KRICO_0024,7,run.py
1999-02-22,1999,KRICO_0024,8,run.py
1999-02-23,1999,KRICO_0024,9,run.py
1999-02-24,1999,KRICO_0024,10,run.py
1999-02-25,1999,KRICO_0024,11,run.py
1999-02-26,1999,KRICO_0024,12,run.py
1999-02-27,1999,KRICO_0024,13,run.py
1999-02-28,1999,KRICO_0024,14,run.py
1999-03-01,1999,KRICO_0024,18,run.py
1999-03-02,1999,KRICO_0024,19,run.py
1999-03-03,1999,KRICO_0024,20,run.py
1999-03-04,1999,KRICO_0024,21,run.py
1999-03-05,1999,KRICO_0024,22,run.py
1999-03-06,1999,KRICO_0024,23,run.py
1999-03-07,1999,KRICO_0024,24,run.py
1999-03-08,1999,KRICO_0024,25,run.py
1999-03-09,1999,KRICO_0024,26,run.py
1999-03-10,1999,KRICO_0024,27,run.py
1999-03-11,1999,KRICO_0024,28,run.py
1999-03-12,1999,KRICO_0024,29,run.py
1999-03-13,1999,KRICO_0024,30,run.py
1999-03-14,1999,KRICO_0024,31,run.py
1999-11-15,2000,KRICO_0025,1,run.py
1999-11-16,2000,KRICO_0025,2,run.py
1999-11-17,2000,KRICO_0025,3,run.py
1999-11-18,2000,KRICO_0025,4,run.py
1999-11-19,2000,KRICO_0025,5,run.py
1999-11-20,2000,KRICO_0025,6,run.py
1999-11-21,2000,KRICO_0025,7,run.py
1999-11-22,2000,KRICO_0025,8,run.py
1999-11-23,2000,KRICO_0025,9,run.py
1999-11-24,2000,KRICO_0025,10,run.py
1999-11-25,2000,KRICO_0025,11,run.py
1999-11-26,2000,KRICO_0025,12,run.py
1999-11-27,2000,KRICO_0025,13,run.py
1999-11-28,2000,KRICO_0025,14,run.py
1999-11-29,2000,KRICO_0025,15,run.py
1999-11-30,2000,KRICO_0025,16,run.py
1999-12-01,2000,KRICO_0025,18,run.py
1999-12-02,2000,KRICO_0025,19,run.py
1999-12-03,2000,KRICO_0025,20,run.py
1999-12-04,2000,KRICO_0025,21,run.py
1999-12-05,2000,KRICO_0025,22,run.py
1999-12-06,2000,KRICO_0025,23,run.py
1999-12-07,2000,KRICO_0025,24,run.py
1999-12-08,2000,KRICO_0025,25,run.py
1999-12-09,2000,KRICO_0025,26,run.py
1999-12-10,2000,KRICO_0025,27,run.py
1999-12-11,2000,KRICO_0025,28,run.py
1999-12-12,2000,KRICO_0025,29,run.py
1999-12-13,2000,KRICO_0025,30,run.py
1999-12-14,2000,KRICO_0025,31,run.py
1999-12-15,2000,KRICO_0026,1,run.py
1999-12-16,2000,KRICO_0026,2,run.py
1999-12-17,2000,KRICO_0026,3,run.py
1999-12-18,2000,KRICO_0026,4,run.py
1999-12-19,2000,KRICO_0026,5,run.py
1999-12-20,2000,KRICO_0026,6,run.py
1999-12-21,2000,KRICO_0026,7,run.py
1999-12-22,2000,KRICO_0026,8,run.py
1999-12-23,2000,KRICO_0026,9,run.py
1999-12-24,2000,KRICO_0026,10,run.py
1999-12-25,2000,KRICO_0026,11,run.py
1999-12-26,2000,KRICO_0026,12,run.py
1999-12-27,2000,KRICO_0026,13,run.py
1999-12-28,2000,KRICO_0026,14,run.py
1999-12-29,2000,KRICO_0026,15,run.py
1999-12-30,2000,KRICO_0026,16,run.py
1999-12-31,2000,KRICO_0026,17,run.py
2000-01-01,2000,KRICO_0026,18,run.py
2000-01-02,2000,KRICO_0026,19,run.py
2000-01-03,2000,KRICO_0026,20,run.py
2000-01-04,2000,KRICO_0026,21,run.py
2000-01-05,2000,KRICO_0026,22,run.py
2000-01-06,2000,KRICO_0026,23,run.py
2000-01-07,2000,KRICO_0026,24,run.py
2000-01-08,2000,KRICO_0026,25,run.py
2000-01-09,2000,KRICO_0026,26,run.py
2000-01-10,2000,KRICO_0026,27,run.py
2000-01-11,2000,KRICO_0026,28,run.py
2000-01-12,2000,KRICO_0026,29,run.py
2000-01-13,2000,KRICO_0026,30,run.py
2000-01-14,2000,KRICO_0026,31,run.py
2000-01-15,2000,KRICO_0027,1,run.py
2000-01-16,2000,KRICO_0027,2,run.py
2000-01-17,2000,KRICO_0027,3,run.py
2000-01-18,2000,KRICO_0027,4,run.py
2000-01-19,2000,KRICO_0027,5,run.py
2000-01-20,2000,KRICO_0027,6,run.py
2000-01-21,2000,KRICO_0027,7,run.py
2000-01-22,2000,KRICO_0027,8,run.py
2000-01-23,2000,KRICO_0027,9,run.py
2000-01-24,2000,KRICO_0027,10,run.py
2000-01-25,2000,KRICO_0027,11,run.py
2000-01-26,2000,KRICO_0027,12,run.py
2000-01-27,2000,KRICO_0027,13,run.py
2000-01-28,2000,KRICO_0027,14,run.py
2000-01-29,2000,KRICO_0027,15,run.py
2000-01-30,2000,KRICO_0027,16,run.py
2000-01-31,2000,KRICO_0027,17,run.py
2000-02-01,2000,KRICO_0027,18,run.py
2000-02-02,2000,KRICO_0027,19,run.py
2000-02-03,2000,KRICO_0027,20,run.py
2000-02-04,2000,KRICO_0027,21,run.py
2000-02-05,2000,KRICO_0027,22,run.py
2000-02-06,2000,KRICO_0027,23,run.py
2000-02-07,2000,KRICO_0027,24,run.py
2000-02-08,2000,KRICO_0027,25,run.py
2000-02-09,2000,KRICO_0027,26,run.py
2000-02-10,2000,KRICO_0027,27,run.py
2000-02-11,2000,KRICO_0027,28,run.py
2000-02-12,2000,KRICO_0027,29,run.py
2000-02-13,2000,KRICO_0027,30,run.py
2000-02-14,2000,KRICO_0027,31,run.py
2000-02-15,2000,KRICO_0028,1,run.py
2000-02-16,2000,KRICO_0028,2,run.py
2000-02-17,2000,KRICO_0028,3,run.py
2000-02-18,2000,KRICO_0028,4,run.py
2000-02-19,2000,KRICO_0028,5,run.py
2000-02-20,2000,KRICO_0028,6,run.py
2000-02-21,2000,KRICO_0028,7,run.py
2000-02-22,2000,KRICO_0028,8,run.py
2000-02-23,2000,KRICO_0028,9,run.py
2000-02-24,2000,KRICO_0028,10,run.py
2000-02-25,2000,KRICO_0028,11,run.py
2000-02-26,2000,KRICO_0028,12,run.py
2000-02-27,2000,KRICO_0028,13,run.py
2000-02-28,2000,KRICO_0028,14,run.py
2000-02-29,2000,KRICO_0028,15,run.py
2000-03-01,2000,KRICO_0028,18,run.py
2000-03-02,2000,KRICO_0028,19,run.py
2000-03-03,2000,KRICO_0028,20,run.py
2000-03-04,2000,KRICO_0028,21,run.py
2000-03-05,2000,KRICO_0028,22,run.py
2000-03-06,2000,KRICO_0028,23,run.py
2000-03-07,2000,KRICO_0028,24,run.py
2000-03-08,2000,KRICO_0028,25,run.py
2000-03-09,2000,KRICO_0028,26,run.py
2000-03-10,2000,KRICO_0028,27,run.py
2000-03-11,2000,KRICO_0028,28,run.py
2000-03-12,2000,KRICO_0028,29,run.py
2000-03-13,2000,KRICO_0028,30,run.py
2000-03-14,2000,KRICO_0028,31,run.py
2000-11-15,2001,KRICO_0029,1,run.py
2000-11-16,2001,KRICO_0029,2,run.py
2000-11-17,2001,KRICO_0029,3,run.py
2000-11-18,2001,KRICO_0029,4,run.py
2000-11-19,2001,KRICO_0029,5,run.py
2000-11-20,2001,KRICO_0029,6,run.py
2000-11-21,2001,KRICO_0029,7,run.py
2000-11-22,2001,KRICO_0029,8,run.py
2000-11-23,2001,KRICO_0029,9,run.py
2000-11-24,2001,KRICO_0029,10,run.py
2000-11-25,2001,KRICO_0029,11,run.py
2000-11-26,2001,KRICO_0029,12,run.py
2000-11-27,2001,KRICO_0029,13,run.py
2000-11-28,2001,KRICO_0029,14,run.py
2000-11-29,2001,KRICO_0029,15,run.py
2000-11-30,2001,KRICO_0029,16,run.py
2000-12-01,2001,KRICO_0029,18,run.py
2000-12-02,2001,KRICO_0029,19,run.py
2000-12-03,2001,KRICO_0029,20,run.py
2000-12-04,2001,KRICO_0029,21,run.py
2000-12-05,2001,KRICO_0029,22,run.py
2000-12-06,2001,KRICO_0029,23,run.py
2000-12-07,2001,KRICO_0029,24,run.py
2000-12-08,2001,KRICO_0029,25,run.py
2000-12-09,2001,KRICO_0029,26,run.py
2000-12-10,2001,KRICO_0029,27,run.py
2000-12-11,2001,KRICO_0029,28,run.py
2000-12-12,2001,KRICO_0029,29,run.py
2000-12-13,2001,KRICO_0029,30,run.py
2000-12-14,2001,KRICO_0029,31,run.py
2000-12-15,2001,KRICO_0030,1,run.py
2000-12-16,2001,KRICO_0030,2,run.py
2000-12-17,2001,KRICO_0030,3,run.py
2000-12-18,2001,KRICO_0030,4,run.py
2000-12-19,2001,KRICO_0030,5,run.py
2000-12-20,2001,KRICO_0030,6,run.py
2000-12-21,2001,KRICO_0030,7,run.py
2000-12-22,2001,KRICO_0030,8,run.py
2000-12-23,2001,KRICO_0030,9,run.py
2000-12-24,2001,KRICO_0030,10,run.py
2000-12-25,2001,KRICO_0030,11,run.py
2000-12-26,2001,KRICO_0030,12,run.py
2000-12-27,2001,KRICO_0030,13,run.py
2000-12-28,2001,KRICO_0030,14,run.py
2000-12-29,2001,KRICO_0030,15,run.py
2000-12-30,2001,KRICO_0030,16,run.py
2000-12-31,2001,KRICO_0030,17,run.py
2001-01-01,2001,KRICO_0030,18,run.py
2001-01-02,2001,KRICO_0030,19,run.py
2001-01-03,2001,KRICO_0030,20,run.py
2001-01-04,2001,KRICO_0030,21,run.py
2001-01-05,2001,KRICO_0030,22,run.py
2001-01-06,2001,KRICO_0030,23,run.py
2001-01-07,2001,KRICO_0030,24,run.py
2001-01-08,2001,KRICO_0030,25,run.py
2001-01-09,2001,KRICO_0030,26,run.py
2001-01-10,2001,KRICO_0030,27,run.py
2001-01-11,2001,KRICO_0030,28,run.py
2001-01-12,2001,KRICO_0030,29,run.py
2001-01-13,2001,KRICO_0030,30,run.py
2001-01-14,2001,KRICO_0030,31,run.py
2001-01-15,2001,KRICO_0031,1,run.py
2001-01-16,2001,KRICO_0031,2,run.py
2001-01-17,2001,KRICO_0031,3,run.py
2001-01-18,2001,KRICO_0031,4,run.py
2001-01-19,2001,KRICO_0031,5,run.py
2001-01-20,2001,KRICO_0031,6,run.py
2001-01-21,2001,KRICO_0031,7,run.py
2001-01-22,2001,KRICO_0031,8,run.py
2001-01-23,2001,KRICO_0031,9,run.py
2001-01-24,2001,KRICO_0031,10,run.py
2001-01-25,2001,KRICO_0031,11,run.py
2001-01-26,2001,KRICO_0031,12,run.py
2001-01-27,2001,KRICO_0031,13,run.py
2001-01-28,2001,KRICO_0031,14,run.py
2001-01-29,2001,KRICO_0031,15,run.py
2001-01-30,2001,KRICO_0031,16,run.py
2001-01-31,2001,KRICO_0031,17,run.py
2001-02-01,2001,KRICO_0031,18,run.py
2001-02-02,2001,KRICO_0031,19,run.py
2001-02-03,2001,KRICO_0031,20,run.py
2001-02-04,2001,KRICO_0031,21,run.py
2001-02-05,2001,KRICO_0031,22,run.py
2001-02-06,2001,KRICO_0031,23,run.py
2001-02-07,2001,KRICO_0031,24,run.py
2001-02-08,2001,KRICO_0031,25,run.py
2001-02-09,2001,KRICO_0031,26,run.py
2001-02-10,2001,KRICO_0031,27,run.py
2001-02-11,2001,KRICO_0031,28,run.py
2001-02-12,2001,KRICO_0031,29,run.py
2001-02-13,2001,KRICO_0031,30,run.py
2001-02-14,2001,KRICO_0031,31,run.py
2001-02-15,2001,KRICO_0032,1,run.py
2001-02-16,2001,KRICO_0032,2,run.py
2001-02-17,2001,KRICO_0032,3,run.py
2001-02-18,2001,KRICO_0032,4,run.py
2001-02-19,2001,KRICO_0032,5,run.py
2001-02-20,2001,KRICO_0032,6,run.py
2001-02-21,2001,KRICO_0032,7,run.py
2001-02-22,2001,KRICO_0032,8,run.py
2001-02-23,2001,KRICO_0032,9,run.py
2001-02-24,2001,KRICO_0032,10,run.py
2001-02-25,2001,KRICO_0032,11,run.py
2001-02-26,2001,KRICO_0032,12,run.py
2001-02-27,2001,KRICO_0032,13,run.py
2001-02-28,2001,KRICO_0032,14,run.py
2001-03-01,2001,KRICO_0032,18,run.py
2001-03-02,2001,KRICO_0032,19,run.py
2001-03-03,2001,KRICO_0032,20,run.py
2001-03-04,2001,KRICO_0032,21,run.py
2001-03-05,2001,KRICO_0032,22,run.py
2001-03-06,2001,KRICO_0032,23,run.py
2001-03-07,2001,KRICO_0032,24,run.py
2001-03-08,2001,KRICO_0032,25,run.py
2001-03-09,2001,KRICO_0032,26,run.py
2001-03-10,2001,KRICO_0032,27,run.py
2001-03-11,2001,KRICO_0032,28,run.py
2001-03-12,2001,KRICO_0032,29,run.py
2001-03-13,2001,KRICO_0032,30,run.py
2001-03-14,2001,KRICO_0032,31,run.py
2001-11-15,2002,KRICO_0033,1,run.py
2001-11-16,2002,KRICO_0033,2,run.py
2001-11-17,2002,KRICO_0033,3,run.py
2001-11-18,2002,KRICO_0033,4,run.py
2001-11-19,2002,KRICO_0033,5,run.py
2001-11-20,2002,KRICO_0033,6,run.py
2001-11-21,2002,KRICO_0033,7,run.py
2001-11-22,2002,KRICO_0033,8,run.py
2001-11-23,2002,KRICO_0033,9,run.py
2001-11-24,2002,KRICO_0033,10,run.py
2001-11-25,2002,KRICO_0033,11,run.py
2001-11-26,2002,KRICO_0033,12,run.py
2001-11-27,2002,KRICO_0033,13,run.py
2001-11-28,2002,KRICO_0033,14,run.py
2001-11-29,2002,KRICO_0033,15,run.py
2001-11-30,2002,KRICO_0033,16,run.py
2001-12-01,2002,KRICO_0033,18,run.py
2001-12-02,2002,KRICO_0033,19,run.py
2001-12-03,2002,KRICO_0033,20,run.py
2001-12-04,2002,KRICO_0033,21,run.py
2001-12-05,2002,KRICO_0033,22,run.py
2001-12-06,2002,KRICO_0033,23,run.py
2001-12-07,2002,KRICO_0033,24,run.py
2001-12-08,2002,KRICO_0033,25,run.py
2001-12-09,2002,KRICO_0033,26,run.py
2001-12-10,2002,KRICO_0033,27,run.py
2001-12-11,2002,KRICO_0033,28,run.py
2001-12-12,2002,KRICO_0033,29,run.py
2001-12-13,2002,KRICO_0033,30,run.py
2001-12-14,2002,KRICO_0033,31,run.py
2001-12-15,2002,KRICO_0034,1,run.py
2001-12-16,2002,KRICO_0034,2,run.py
2001-12-17,2002,KRICO_0034,3,run.py
2001-12-18,2002,KRICO_0034,4,run.py
2001-12-19,2002,KRICO_0034,5,run.py
2001-12-20,2002,KRICO_0034,6,run.py
2001-12-21,2002,KRICO_0034,7,run.py
2001-12-22,2002,KRICO_0034,8,run.py
2001-12-23,2002,KRICO_0034,9,run.py
2001-12-24,2002,KRICO_0034,10,run.py
2001-12-25,2002,KRICO_0034,11,run.py
2001-12-26,2002,KRICO_0034,12,run.py
2001-12-27,2002,KRICO_0034,13,run.py
2001-12-28,2002,KRICO_0034,14,run.py
2001-12-29,2002,KRICO_0034,15,run.py
2001-12-30,2002,KRICO_0034,16,run.py
2001-12-31,2002,KRICO_0034,17,run.py
2002-01-01,2002,KRICO_0034,18,run.py
2002-01-02,2002,KRICO_0034,19,run.py
2002-01-03,2002,KRICO_0034,20,run.py
2002-01-04,2002,KRICO_0034,21,run.py
2002-01-05,2002,KRICO_0034,22,run.py
2002-01-06,2002,KRICO_0034,23,run.py
2002-01-07,2002,KRICO_0034,24,run.py
2002-01-08,2002,KRICO_0034,25,run.py
2002-01-09,2002,KRICO_0034,26,run.py
2002-01-10,2002,KRICO_0034,27,run.py
2002-01-11,2002,KRICO_0034,28,run.py
2002-01-12,2002,KRICO_0034,29,run.py
2002-01-13,2002,KRICO_0034,30,run.py
2002-01-14,2002,KRICO_0034,31,run.py
2002-01-15,2002,KRICO_0035,1,run.py
2002-01-16,2002,KRICO_0035,2,run.py
2002-01-17,2002,KRICO_0035,3,run.py
2002-01-18,2002,KRICO_0035,4,run.py
2002-01-19,2002,KRICO_0035,5,run.py
2002-01-20,2002,KRICO_0035,6,run.py
2002-01-21,2002,KRICO_0035,7,run.py
2002-01-22,2002,KRICO_0035,8,run.py
2002-01-23,2002,KRICO_0035,9,run.py
2002-01-24,2002,KRICO_0035,10,run.py
2002-01-25,2002,KRICO_0035,11,run.py
2002-01-26,2002,KRICO_0035,12,run.py
2002-01-27,2002,KRICO_0035,13,run.py
2002-01-28,2002,KRICO_0035,14,run.py
2002-01-29,2002,KRICO_0035,15,run.py
2002-01-30,2002,KRICO_0035,16,run.py
2002-01-31,2002,KRICO_0035,17,run.py
2002-02-01,2002,KRICO_0035,18,run.py
2002-02-02,2002,KRICO_0035,19,run.py
2002-02-03,2002,KRICO_0035,20,run.py
2002-02-04,2002,KRICO_0035,21,run.py
2002-02-05,2002,KRICO_0035,22,run.py
2002-02-06,2002,KRICO_0035,23,run.py
2002-02-07,2002,KRICO_0035,24,run.py
2002-02-08,2002,KRICO_0035,25,run.py
2002-02-09,2002,KRICO_0035,26,run.py
2002-02-10,2002,KRICO_0035,27,run.py
2002-02-11,2002,KRICO_0035,28,run.py
2002-02-12,2002,KRICO_0035,29,run.py
2002-02-13,2002,KRICO_0035,30,run.py
2002-02-14,2002,KRICO_0035,31,run.py
2002-02-15,2002,KRICO_0036,1,run.py
2002-02-16,2002,KRICO_0036,2,run.py
2002-02-17,2002,KRICO_0036,3,run.py
2002-02-18,2002,KRICO_0036,4,run.py
2002-02-19,2002,KRICO_0036,5,run.py
2002-02-20,2002,KRICO_0036,6,run.py
2002-02-21,2002,KRICO_0036,7,run.py
2002-02-22,2002,KRICO_0036,8,run.py
2002-02-23,2002,KRICO_0036,9,run.py
2002-02-24,2002,KRICO_0036,10,run.py
2002-02-25,2002,KRICO_0036,11,run.py
2002-02-26,2002,KRICO_0036,12,run.py
2002-02-27,2002,KRICO_0036,13,run.py
2002-02-28,2002,KRICO_0036,14,run.py
2002-03-01,2002,KRICO_0036,18,run.py
2002-03-02,2002,KRICO_0036,19,run.py
2002-03-03,2002,KRICO_0036,20,run.py
2002-03-04,2002,KRICO_0036,21,run.py
2002-03-05,2002,KRICO_0036,22,run.py
2002-03-06,2002,KRICO_0036,23,run.py
2002-03-07,2002,KRICO_0036,24,run.py
2002-03-08,2002,KRICO_0036,25,run.py
2002-03-09,2002,KRICO_0036,26,run.py
2002-03-10,2002,KRICO_0036,27,run.py
2002-03-11,2002,KRICO_0036,28,run.py
2002-03-12,2002,KRICO_0036,29,run.py
2002-03-13,2002,KRICO_0036,30,run.py
2002-03-14,2002,KRICO_0036,31,run.py
2002-11-15,2003,KRICO_0037,1,run.py
2002-11-16,2003,KRICO_0037,2,run.py
2002-11-17,2003,KRICO_0037,3,run.py
2002-11-18,2003,KRICO_0037,4,run.py
2002-11-19,2003,KRICO_0037,5,run.py
2002-11-20,2003,KRICO_0037,6,run.py
2002-11-21,2003,KRICO_0037,7,run.py
2002-11-22,2003,KRICO_0037,8,run.py
2002-11-23,2003,KRICO_0037,9,run.py
2002-11-24,2003,KRICO_0037,10,run.py
2002-11-25,2003,KRICO_0037,11,run.py
2002-11-26,2003,KRICO_0037,12,run.py
2002-11-27,2003,KRICO_0037,13,run.py
2002-11-28,2003,KRICO_0037,14,run.py
2002-11-29,2003,KRICO_0037,15,run.py
2002-11-30,2003,KRICO_0037,16,run.py
2002-12-01,2003,KRICO_0037,18,run.py
2002-12-02,2003,KRICO_0037,19,run.py
2002-12-03,2003,KRICO_0037,20,run.py
2002-12-04,2003,KRICO_0037,21,run.py
2002-12-05,2003,KRICO_0037,22,run.py
2002-12-06,2003,KRICO_0037,23,run.py
2002-12-07,2003,KRICO_0037,24,run.py
2002-12-08,2003,KRICO_0037,25,run.py
2002-12-09,2003,KRICO_0037,26,run.py
2002-12-10,2003,KRICO_0037,27,run.py
2002-12-11,2003,KRICO_0037,28,run.py
2002-12-12,2003,KRICO_0037,29,run.py
2002-12-13,2003,KRICO_0037,30,run.py
2002-12-14,2003,KRICO_0037,31,run.py
2002-12-15,2003,KRICO_0038,1,run.py
2002-12-16,2003,KRICO_0038,2,run.py
2002-12-17,2003,KRICO_0038,3,run.py
2002-12-18,2003,KRICO_0038,4,run.py
2002-12-19,2003,KRICO_0038,5,run.py
2002-12-20,2003,KRICO_0038,6,run.py
2002-12-21,2003,KRICO_0038,7,run.py
2002-12-22,2003,KRICO_0038,8,run.py
2002-12-23,2003,KRICO_0038,9,run.py
2002-12-24,2003,KRICO_0038,10,run.py
2002-12-25,2003,KRICO_0038,11,run.py
2002-12-26,2003,KRICO_0038,12,run.py
2002-12-27,2003,KRICO_0038,13,run.py
2002-12-28,2003,KRICO_0038,14,run.py
2002-12-29,2003,KRICO_0038,15,run.py
2002-12-30,2003,KRICO_0038,16,run.py
2002-12-31,2003,KRICO_0038,17,run.py
2003-01-01,2003,KRICO_0038,18,run.py
2003-01-02,2003,KRICO_0038,19,run.py
2003-01-03,2003,KRICO_0038,20,run.py
2003-01-04,2003,KRICO_0038,21,run.py
2003-01-05,2003,KRICO_0038,22,run.py
2003-01-06,2003,KRICO_0038,23,run.py
2003-01-07,2003,KRICO_0038,24,run.py
2003-01-08,2003,KRICO_0038,25,run.py
2003-01-09,2003,KRICO_0038,26,run.py
2003-01-10,2003,KRICO_0038,27,run.py
2003-01-11,2003,KRICO_0038,28,run.py
2003-01-12,2003,KRICO_0038,29,run.py
2003-01-13,2003,KRICO_0038,30,run.py
2003-01-14,2003,KRICO_0038,31,run.py
2003-01-15,2003,KRICO_0039,1,run.py
2003-01-16,2003,KRICO_0039,2,run.py
2003-01-17,2003,KRICO_0039,3,run.py
2003-01-18,2003,KRICO_0039,4,run.py
2003-01-19,2003,KRICO_0039,5,run.py
2003-01-20,2003,KRICO_0039,6,run.py
2003-01-21,2003,KRICO_0039,7,run.py
2003-01-22,2003,KRICO_0039,8,run.py
2003-01-23,2003,KRICO_0039,9,run.py
2003-01-24,2003,KRICO_0039,10,run.py
2003-01-25,2003,KRICO_0039,11,run.py
2003-01-26,2003,KRICO_0039,12,run.py
2003-01-27,2003,KRICO_0039,13,run.py
2003-01-28,2003,KRICO_0039,14,run.py
2003-01-29,2003,KRICO_0039,15,run.py
2003-01-30,2003,KRICO_0039,16,run.py
2003-01-31,2003,KRICO_0039,17,run.py
2003-02-01,2003,KRICO_0039,18,run.py
2003-02-02,2003,KRICO_0039,19,run.py
2003-02-03,2003,KRICO_0039,20,run.py
2003-02-04,2003,KRICO_0039,21,run.py
2003-02-05,2003,KRICO_0039,22,run.py
2003-02-06,2003,KRICO_0039,23,run.py
2003-02-07,2003,KRICO_0039,24,run.py
2003-02-08,2003,KRICO_0039,25,run.py
2003-02-09,2003,KRICO_0039,26,run.py
2003-02-10,2003,KRICO_0039,27,run.py
2003-02-11,2003,KRICO_0039,28,run.py
2003-02-12,2003,KRICO_0039,29,run.py
2003-02-13,2003,KRICO_0039,30,run.py
2003-02-14,2003,KRICO_0039,31,run.py
2003-02-15,2003,KRICO_0040,1,run.py
2003-02-16,2003,KRICO_0040,2,run.py
2003-02-17,2003,KRICO_0040,3,run.py
2003-02-18,2003,KRICO_0040,4,run.py
2003-02-19,2003,KRICO_0040,5,run.py
2003-02-20,2003,KRICO_0040,6,run.py
2003-02-21,2003,KRICO_0040,7,run.py
2003-02-22,2003,KRICO_0040,8,run.py
2003-02-23,2003,KRICO_0040,9,run.py
2003-02-24,2003,KRICO_0040,10,run.py
2003-02-25,2003,KRICO_0040,11,run.py
2003-02-26,2003,KRICO_0040,12,run.py
2003-02-27,2003,KRICO_0040,13,run.py
2003-02-28,2003,KRICO_0040,14,run.py
2003-03-01,2003,KRICO_0040,18,run.py
2003-03-02,2003,KRICO_0040,19,run.py
2003-03-03,2003,KRICO_0040,20,run.py
2003-03-04,2003,KRICO_0040,21,run.py
2003-03-05,2003,KRICO_0040,22,run.py
2003-03-06,2003,KRICO_0040,23,run.py
2003-03-07,2003,KRICO_0040,24,run.py
2003-03-08,2003,KRICO_0040,25,run.py
2003-03-09,2003,KRICO_0040,26,run.py
2003-03-10,2003,KRICO_0040,27,run.py
2003-03-11,2003,KRICO_0040,28,run.py
2003-03-12,2003,KRICO_0040,29,run.py
2003-03-13,2003,KRICO_0040,30,run.py
2003-03-14,2003,KRICO_0040,31,run.py
2003-11-15,2004,KRICO_0041,1,run.py
2003-11-16,2004,KRICO_0041,2,run.py
2003-11-17,2004,KRICO_0041,3,run.py
2003-11-18,2004,KRICO_0041,4,run.py
2003-11-19,2004,KRICO_0041,5,run.py
2003-11-20,2004,KRICO_0041,6,run.py
2003-11-21,2004,KRICO_0041,7,run.py
2003-11-22,2004,KRICO_0041,8,run.py
2003-11-23,2004,KRICO_0041,9,run.py
2003-11-24,2004,KRICO_0041,10,run.py
2003-11-25,2004,KRICO_0041,11,run.py
2003-11-26,2004,KRICO_0041,12,run.py
2003-11-27,2004,KRICO_0041,13,run.py
2003-11-28,2004,KRICO_0041,14,run.py
2003-11-29,2004,KRICO_0041,15,run.py
2003-11-30,2004,KRICO_0041,16,run.py
2003-12-01,2004,KRICO_0041,18,run.py
2003-12-02,2004,KRICO_0041,19,run.py
2003-12-03,2004,KRICO_0041,20,run.py
2003-12-04,2004,KRICO_0041,21,run.py
2003-12-05,2004,KRICO_0041,22,run.py
2003-12-06,2004,KRICO_0041,23,run.py
2003-12-07,2004,KRICO_0041,24,run.py
2003-12-08,2004,KRICO_0041,25,run.py
2003-12-09,2004,KRICO_0041,26,run.py
2003-12-10,2004,KRICO_0041,27,run.py
2003-12-11,2004,KRICO_0041,28,run.py
2003-12-12,2004,KRICO_0041,29,run.py
2003-12-13,2004,KRICO_0041,30,run.py
2003-12-14,2004,KRICO_0041,31,run.py
2003-12-15,2004,KRICO_0042,1,run.py
2003-12-16,2004,KRICO_0042,2,run.py
2003-12-17,2004,KRICO_0042,3,run.py
2003-12-18,2004,KRICO_0042,4,run.py
2003-12-19,2004,KRICO_0042,5,run.py
2003-12-20,2004,KRICO_0042,6,run.py
2003-12-21,2004,KRICO_0042,7,run.py
2003-12-22,2004,KRICO_0042,8,run.py
2003-12-23,2004,KRICO_0042,9,run.py
2003-12-24,2004,KRICO_0042,10,run.py
2003-12-25,2004,KRICO_0042,11,run.py
2003-12-26,2004,KRICO_0042,12,run.py
2003-12-27,2004,KRICO_0042,13,run.py
2003-12-28,2004,KRICO_0042,14,run.py
2003-12-29,2004,KRICO_0042,15,run.py
2003-12-30,2004,KRICO_0042,16,run.py
2003-12-31,2004,KRICO_0042,17,run.py
2004-01-01,2004,KRICO_0042,18,run.py
2004-01-02,2004,KRICO_0042,19,run.py
2004-01-03,2004,KRICO_0042,20,run.py
2004-01-04,2004,KRICO_0042,21,run.py
2004-01-05,2004,KRICO_0042,22,run.py
2004-01-06,2004,KRICO_0042,23,run.py
2004-01-07,2004,KRICO_0042,24,run.py
2004-01-08,2004,KRICO_0042,25,run.py
2004-01-09,2004,KRICO_0042,26,run.py
2004-01-10,2004,KRICO_0042,27,run.py
2004-01-11,2004,KRICO_0042,28,run.py
2004-01-12,2004,KRICO_0042,29,run.py
2004-01-13,2004,KRICO_0042,30,run.py
2004-01-14,2004,KRICO_0042,31,run.py
2004-01-15,2004,KRICO_0043,1,run.py
2004-01-16,2004,KRICO_0043,2,run.py
2004-01-17,2004,KRICO_0043,3,run.py
2004-01-18,2004,KRICO_0043,4,run.py
2004-01-19,2004,KRICO_0043,5,run.py
2004-01-20,2004,KRICO_0043,6,run.py
2004-01-21,2004,KRICO_0043,7,run.py
2004-01-22,2004,KRICO_0043,8,run.py
2004-01-23,2004,KRICO_0043,9,run.py
2004-01-24,2004,KRICO_0043,10,run.py
2004-01-25,2004,KRICO_0043,11,run.py
2004-01-26,2004,KRICO_0043,12,run.py
2004-01-27,2004,KRICO_0043,13,run.py
2004-01-28,2004,KRICO_0043,14,run.py
2004-01-29,2004,KRICO_0043,15,run.py
2004-01-30,2004,KRICO_0043,16,run.py
2004-01-31,2004,KRICO_0043,17,run.py
2004-02-01,2004,KRICO_0043,18,run.py
2004-02-02,2004,KRICO_0043,19,run.py
2004-02-03,2004,KRICO_0043,20,run.py
2004-02-04,2004,KRICO_0043,21,run.py
2004-02-05,2004,KRICO_0043,22,run.py
2004-02-06,2004,KRICO_0043,23,run.py
2004-02-07,2004,KRICO_0043,24,run.py
2004-02-08,2004,KRICO_0043,25,run.py
2004-02-09,2004,KRICO_0043,26,run.py
2004-02-10,2004,KRICO_0043,27,run.py
2004-02-11,2004,KRICO_0043,28,run.py
2004-02-12,2004,KRICO_0043,29,run.py
2004-02-13,2004,KRICO_0043,30,run.py
2004-02-14,2004,KRICO_0043,31,run.py
2004-02-15,2004,KRICO_0044,1,run.py
2004-02-16,2004,KRICO_0044,2,run.py
2004-02-17,2004,KRICO_0044,3,run.py
2004-02-18,2004,KRICO_0044,4,run.py
2004-02-19,2004,KRICO_0044,5,run.py
2004-02-20,2004,KRICO_0044,6,run.py
2004-02-21,2004,KRICO_0044,7,run.py
2004-02-22,2004,KRICO_0044,8,run.py
2004-02-23,2004,KRICO_0044,9,run.py
2004-02-24,2004,KRICO_0044,10,run.py
2004-02-25,2004,KRICO_0044,11,run.py
2004-02-26,2004,KRICO_0044,12,run.py
2004-02-27,2004,KRICO_0044,13,run.py
2004-02-28,2004,KRICO_0044,14,run.py
2004-02-29,2004,KRICO_0044,15,run.py
2004-03-01,2004,KRICO_0044,18,run.py
2004-03-02,2004,KRICO_0044,19,run.py
2004-03-03,2004,KRICO_0044,20,run.py
2004-03-04,2004,KRICO_0044,21,run.py
2004-03-05,2004,KRICO_0044,22,run.py
2004-03-06,2004,KRICO_0044,23,run.py
2004-03-07,2004,KRICO_0044,24,run.py
2004-03-08,2004,KRICO_0044,25,run.py
2004-03-09,2004,KRICO_0044,26,run.py
2004-03-10,2004,KRICO_0044,27,run.py
2004-03-11,2004,KRICO_0044,28,run.py
2004-03-12,2004,KRICO_0044,29,run.py
2004-03-13,2004,KRICO_0044,30,run.py
2004-03-14,2004,KRICO_0044,31,run.py
2004-11-15,2005,KRICO_0045,1,run.py
2004-11-16,2005,KRICO_0045,2,run.py
2004-11-17,2005,KRICO_0045,3,run.py
2004-11-18,2005,KRICO_0045,4,run.py
2004-11-19,2005,KRICO_0045,5,run.py
2004-11-20,2005,KRICO_0045,6,run.py
2004-11-21,2005,KRICO_0045,7,run.py
2004-11-22,2005,KRICO_0045,8,run.py
2004-11-23,2005,KRICO_0045,9,run.py
2004-11-24,2005,KRICO_0045,10,run.py
2004-11-25,2005,KRICO_0045,11,run.py
2004-11-26,2005,KRICO_0045,12,run.py
2004-11-27,2005,KRICO_0045,13,run.py
2004-11-28,2005,KRICO_0045,14,run.py
2004-11-29,2005,KRICO_0045,15,run.py
2004-11-30,2005,KRICO_0045,16,run.py
2004-12-01,2005,KRICO_0045,18,run.py
2004-12-02,2005,KRICO_0045,19,run.py
2004-12-03,2005,KRICO_0045,20,run.py
2004-12-04,2005,KRICO_0045,21,run.py
2004-12-05,2005,KRICO_0045,22,run.py
2004-12-06,2005,KRICO_0045,23,run.py
2004-12-07,2005,KRICO_0045,24,run.py
2004-12-08,2005,KRICO_0045,25,run.py
2004-12-09,2005,KRICO_0045,26,run.py
2004-12-10,2005,KRICO_0045,27,run.py
2004-12-11,2005,KRICO_0045,28,run.py
2004-12-12,2005,KRICO_0045,29,run.py
2004-12-13,2005,KRICO_0045,30,run.py
2004-12-14,2005,KRICO_0045,31,run.py
2004-12-15,2005,KRICO_0046,1,run.py
2004-12-16,2005,KRICO_0046,2,run.py
2004-12-17,2005,KRICO_0046,3,run.py
2004-12-18,2005,KRICO_0046,4,run.py
2004-12-19,2005,KRICO_0046,5,run.py
2004-12-20,2005,KRICO_0046,6,run.py
2004-12-21,2005,KRICO_0046,7,run.py
2004-12-22,2005,KRICO_0046,8,run.py
2004-12-23,2005,KRICO_0046,9,run.py
2004-12-24,2005,KRICO_0046,10,run.py
2004-12-25,2005,KRICO_0046,11,run.py
2004-12-26,2005,KRICO_0046,12,run.py
2004-12-27,2005,KRICO_0046,13,run.py
2004-12-28,2005,KRICO_0046,14,run.py
2004-12-29,2005,KRICO_0046,15,run.py
2004-12-30,2005,KRICO_0046,16,run.py
2004-12-31,2005,KRICO_0046,17,run.py
2005-01-01,2005,KRICO_0046,18,run.py
2005-01-02,2005,KRICO_0046,19,run.py
2005-01-03,2005,KRICO_0046,20,run.py
2005-01-04,2005,KRICO_0046,21,run.py
2005-01-05,2005,KRICO_0046,22,run.py
2005-01-06,2005,KRICO_0046,23,run.py
2005-01-07,2005,KRICO_0046,24,run.py
2005-01-08,2005,KRICO_0046,25,run.py
2005-01-09,2005,KRICO_0046,26,run.py
2005-01-10,2005,KRICO_0046,27,run.py
2005-01-11,2005,KRICO_0046,28,run.py
2005-01-12,2005,KRICO_0046,29,run.py
2005-01-13,2005,KRICO_0046,30,run.py
2005-01-14,2005,KRICO_0046,31,run.py
2005-01-15,2005,KRICO_0047,1,run.py
2005-01-16,2005,KRICO_0047,2,run.py
2005-01-17,2005,KRICO_0047,3,run.py
2005-01-18,2005,KRICO_0047,4,run.py
2005-01-19,2005,KRICO_0047,5,run.py
2005-01-20,2005,KRICO_0047,6,run.py
2005-01-21,2005,KRICO_0047,7,run.py
2005-01-22,2005,KRICO_0047,8,run.py
2005-01-23,2005,KRICO_0047,9,run.py
2005-01-24,2005,KRICO_0047,10,run.py
2005-01-25,2005,KRICO_0047,11,run.py
2005-01-26,2005,KRICO_0047,12,run.py
2005-01-27,2005,KRICO_0047,13,run.py
2005-01-28,2005,KRICO_0047,14,run.py
2005-01-29,2005,KRICO_0047,15,run.py
2005-01-30,2005,KRICO_0047,16,run.py
2005-01-31,2005,KRICO_0047,17,run.py
2005-02-01,2005,KRICO_0047,18,run.py
2005-02-02,2005,KRICO_0047,19,run.py
2005-02-03,2005,KRICO_0047,20,run.py
2005-02-04,2005,KRICO_0047,21,run.py
2005-02-05,2005,KRICO_0047,22,run.py
2005-02-06,2005,KRICO_0047,23,run.py
2005-02-07,2005,KRICO_0047,24,run.py
2005-02-08,2005,KRICO_0047,25,run.py
2005-02-09,2005,KRICO_0047,26,run.py
2005-02-10,2005,KRICO_0047,27,run.py
2005-02-11,2005,KRICO_0047,28,run.py
2005-02-12,2005,KRICO_0047,29,run.py
2005-02-13,2005,KRICO_0047,30,run.py
2005-02-14,2005,KRICO_0047,31,run.py
2005-02-15,2005,KRICO_0048,1,run.py
2005-02-16,2005,KRICO_0048,2,run.py
2005-02-17,2005,KRICO_0048,3,run.py
2005-02-18,2005,KRICO_0048,4,run.py
2005-02-19,2005,KRICO_0048,5,run.py
2005-02-20,2005,KRICO_0048,6,run.py
2005-02-21,2005,KRICO_0048,7,run.py
2005-02-22,2005,KRICO_0048,8,run.py
2005-02-23,2005,KRICO_0048,9,run.py
2005-02-24,2005,KRICO_0048,10,run.py
2005-02-25,2005,KRICO_0048,11,run.py
2005-02-26,2005,KRICO_0048,12,run.py
2005-02-27,2005,KRICO_0048,13,run.py
2005-02-28,2005,KRICO_0048,14,run.py
2005-03-01,2005,KRICO_0048,18,run.py
2005-03-02,2005,KRICO_0048,19,run.py
2005-03-03,2005,KRICO_0048,20,run.py
2005-03-04,2005,KRICO_0048,21,run.py
2005-03-05,2005,KRICO_0048,22,run.py
2005-03-06,2005,KRICO_0048,23,run.py
2005-03-07,2005,KRICO_0048,24,run.py
2005-03-08,2005,KRICO_0048,25,run.py
2005-03-09,2005,KRICO_0048,26,run.py
2005-03-10,2005,KRICO_0048,27,run.py
2005-03-11,2005,KRICO_0048,28,run.py
2005-03-12,2005,KRICO_0048,29,run.py
2005-03-13,2005,KRICO_0048,30,run.py
2005-03-14,2005,KRICO_0048,31,run.py
2005-11-15,2006,KRICO_0049,1,run.py
2005-11-16,2006,KRICO_0049,2,run.py
2005-11-17,2006,KRICO_0049,3,run.py
2005-11-18,2006,KRICO_0049,4,run.py
2005-11-19,2006,KRICO_0049,5,run.py
2005-11-20,2006,KRICO_0049,6,run.py
2005-11-21,2006,KRICO_0049,7,run.py
2005-11-22,2006,KRICO_0049,8,run.py
2005-11-23,2006,KRICO_0049,9,run.py
2005-11-24,2006,KRICO_0049,10,run.py
2005-11-25,2006,KRICO_0049,11,run.py
2005-11-26,2006,KRICO_0049,12,run.py
2005-11-27,2006,KRICO_0049,13,run.py
2005-11-28,2006,KRICO_0049,14,run.py
2005-11-29,2006,KRICO_0049,15,run.py
2005-11-30,2006,KRICO_0049,16,run.py
2005-12-01,2006,KRICO_0049,18,run.py
2005-12-02,2006,KRICO_0049,19,run.py
2005-12-03,2006,KRICO_0049,20,run.py
2005-12-04,2006,KRICO_0049,21,run.py
2005-12-05,2006,KRICO_0049,22,run.py
2005-12-06,2006,KRICO_0049,23,run.py
2005-12-07,2006,KRICO_0049,24,run.py
2005-12-08,2006,KRICO_0049,25,run.py
2005-12-09,2006,KRICO_0049,26,run.py
2005-12-10,2006,KRICO_0049,27,run.py
2005-12-11,2006,KRICO_0049,28,run.py
2005-12-12,2006,KRICO_0049,29,run.py
2005-12-13,2006,KRICO_0049,30,run.py
2005-12-14,2006,KRICO_0049,31,run.py
2005-12-15,2006,KRICO_0050,1,run.py
2005-12-16,2006,KRICO_0050,2,run.py
2005-12-17,2006,KRICO_0050,3,run.py
2005-12-18,2006,KRICO_0050,4,run.py
2005-12-19,2006,KRICO_0050,5,run.py
2005-12-20,2006,KRICO_0050,6,run.py
2005-12-21,2006,KRICO_0050,7,run.py
2005-12-22,2006,KRICO_0050,8,run.py
2005-12-23,2006,KRICO_0050,9,run.py
2005-12-24,2006,KRICO_0050,10,run.py
2005-12-25,2006,KRICO_0050,11,run.py
2005-12-26,2006,KRICO_0050,12,run.py
2005-12-27,2006,KRICO_0050,13,run.py
2005-12-28,2006,KRICO_0050,14,run.py
2005-12-29,2006,KRICO_0050,15,run.py
2005-12-30,2006,KRICO_0050,16,run.py
2005-12-31,2006,KRICO_0050,17,run.py
2006-01-01,2006,KRICO_0050,18,run.py
2006-01-02,2006,KRICO_0050,19,run.py
2006-01-03,2006,KRICO_0050,20,run.py
2006-01-04,2006,KRICO_0050,21,run.py
2006-01-05,2006,KRICO_0050,22,run.py
2006-01-06,2006,KRICO_0050,23,run.py
2006-01-07,2006,KRICO_0050,24,run.py
2006-01-08,2006,KRICO_0050,25,run.py
2006-01-09,2006,KRICO_0050,26,run.py
2006-01-10,2006,KRICO_0050,27,run.py
2006-01-11,2006,KRICO_0050,28,run.py
2006-01-12,2006,KRICO_0050,29,run.py
2006-01-13,2006,KRICO_0050,30,run.py
2006-01-14,2006,KRICO_0050,31,run.py
2006-01-15,2006,KRICO_0051,1,run.py
2006-01-16,2006,KRICO_0051,2,run.py
2006-01-17,2006,KRICO_0051,3,run.py
2006-01-18,2006,KRICO_0051,4,run.py
2006-01-19,2006,KRICO_0051,5,run.py
2006-01-20,2006,KRICO_0051,6,run.py
2006-01-21,2006,KRICO_0051,7,run.py
2006-01-22,2006,KRICO_0051,8,run.py
2006-01-23,2006,KRICO_0051,9,run.py
2006-01-24,2006,KRICO_0051,10,run.py
2006-01-25,2006,KRICO_0051,11,run.py
2006-01-26,2006,KRICO_0051,12,run.py
2006-01-27,2006,KRICO_0051,13,run.py
2006-01-28,2006,KRICO_0051,14,run.py
2006-01-29,2006,KRICO_0051,15,run.py
2006-01-30,2006,KRICO_0051,16,run.py
2006-01-31,2006,KRICO_0051,17,run.py
2006-02-01,2006,KRICO_0051,18,run.py
2006-02-02,2006,KRICO_0051,19,run.py
2006-02-03,2006,KRICO_0051,20,run.py
2006-02-04,2006,KRICO_0051,21,run.py
2006-02-05,2006,KRICO_0051,22,run.py
2006-02-06,2006,KRICO_0051,23,run.py
2006-02-07,2006,KRICO_0051,24,run.py
2006-02-08,2006,KRICO_0051,25,run.py
2006-02-09,2006,KRICO_0051,26,run.py
2006-02-10,2006,KRICO_0051,27,run.py
2006-02-11,2006,KRICO_0051,28,run.py
2006-02-12,2006,KRICO_0051,29,run.py
2006-02-13,2006,KRICO_0051,30,run.py
2006-02-14,2006,KRICO_0051,31,run.py
2006-02-15,2006,KRICO_0052,1,run.py
2006-02-16,2006,KRICO_0052,2,run.py
2006-02-17,2006,KRICO_0052,3,run.py
2006-02-18,2006,KRICO_0052,4,run.py
2006-02-19,2006,KRICO_0052,5,run.py
2006-02-20,2006,KRICO_0052,6,run.py
2006-02-21,2006,KRICO_0052,7,run.py
2006-02-22,2006,KRICO_0052,8,run.py
2006-02-23,2006,KRICO_0052,9,run.py
2006-02-24,2006,KRICO_0052,10,run.py
2006-02-25,2006,KRICO_0052,11,run.py
2006-02-26,2006,KRICO_0052,12,run.py
2006-02-27,2006,KRICO_0052,13,run.py
2006-02-28,2006,KRICO_0052,14,run.py
2006-03-01,2006,KRICO_0052,18,run.py
2006-03-02,2006,KRICO_0052,19,run.py
2006-03-03,2006,KRICO_0052,20,run.py
2006-03-04,2006,KRICO_0052,21,run.py
2006-03-05,2006,KRICO_0052,22,run.py
2006-03-06,2006,KRICO_0052,23,run.py
2006-03-07,2006,KRICO_0052,24,run.py
2006-03-08,2006,KRICO_0052,25,run.py
2006-03-09,2006,KRICO_0052,26,run.py
2006-03-10,2006,KRICO_0052,27,run.py
2006-03-11,2006,KRICO_0052,28,run.py
2006-03-12,2006,KRICO_0052,29,run.py
2006-03-13,2006,KRICO_0052,30,run.py
2006-03-14,2006,KRICO_0052,31,run.py
2006-11-15,2007,KRICO_0053,1,run.py
2006-11-16,2007,KRICO_0053,2,run.py
2006-11-17,2007,KRICO_0053,3,run.py
2006-11-18,2007,KRICO_0053,4,run.py
2006-11-19,2007,KRICO_0053,5,run.py
2006-11-20,2007,KRICO_0053,6,run.py
2006-11-21,2007,KRICO_0053,7,run.py
2006-11-22,2007,KRICO_0053,8,run.py
2006-11-23,2007,KRICO_0053,9,run.py
2006-11-24,2007,KRICO_0053,10,run.py
2006-11-25,2007,KRICO_0053,11,run.py
2006-11-26,2007,KRICO_0053,12,run.py
2006-11-27,2007,KRICO_0053,13,run.py
2006-11-28,2007,KRICO_0053,14,run.py
2006-11-29,2007,KRICO_0053,15,run.py
2006-11-30,2007,KRICO_0053,16,run.py
2006-12-01,2007,KRICO_0053,18,run.py
2006-12-02,2007,KRICO_0053,19,run.py
2006-12-03,2007,KRICO_0053,20,run.py
2006-12-04,2007,KRICO_0053,21,run.py
2006-12-05,2007,KRICO_0053,22,run.py
2006-12-06,2007,KRICO_0053,23,run.py
2006-12-07,2007,KRICO_0053,24,run.py
2006-12-08,2007,KRICO_0053,25,run.py
2006-12-09,2007,KRICO_0053,26,run.py
2006-12-10,2007,KRICO_0053,27,run.py
2006-12-11,2007,KRICO_0053,28,run.py
2006-12-12,2007,KRICO_0053,29,run.py
2006-12-13,2007,KRICO_0053,30,run.py
2006-12-14,2007,KRICO_0053,31,run.py
2006-12-15,2007,KRICO_0054,1,run.py
2006-12-16,2007,KRICO_0054,2,run.py
2006-12-17,2007,KRICO_0054,3,run.py
2006-12-18,2007,KRICO_0054,4,run.py
2006-12-19,2007,KRICO_0054,5,run.py
2006-12-20,2007,KRICO_0054,6,run.py
2006-12-21,2007,KRICO_0054,7,run.py
2006-12-22,2007,KRICO_0054,8,run.py
2006-12-23,2007,KRICO_0054,9,run.py
2006-12-24,2007,KRICO_0054,10,run.py
2006-12-25,2007,KRICO_0054,11,run.py
2006-12-26,2007,KRICO_0054,12,run.py
2006-12-27,2007,KRICO_0054,13,run.py
2006-12-28,2007,KRICO_0054,14,run.py
2006-12-29,2007,KRICO_0054,15,run.py
2006-12-30,2007,KRICO_0054,16,run.py
2006-12-31,2007,KRICO_0054,17,run.py
2007-01-01,2007,KRICO_0054,18,run.py
2007-01-02,2007,KRICO_0054,19,run.py
2007-01-03,2007,KRICO_0054,20,run.py
2007-01-04,2007,KRICO_0054,21,run.py
2007-01-05,2007,KRICO_0054,22,run.py
2007-01-06,2007,KRICO_0054,23,run.py
2007-01-07,2007,KRICO_0054,24,run.py
2007-01-08,2007,KRICO_0054,25,run.py
2007-01-09,2007,KRICO_0054,26,run.py
2007-01-10,2007,KRICO_0054,27,run.py
2007-01-11,2007,KRICO_0054,28,run.py
2007-01-12,2007,KRICO_0054,29,run.py
2007-01-13,2007,KRICO_0054,30,run.py
2007-01-14,2007,KRICO_0054,31,run.py
2007-01-15,2007,KRICO_0055,1,run.py
2007-01-16,2007,KRICO_0055,2,run.py
2007-01-17,2007,KRICO_0055,3,run.py
2007-01-18,2007,KRICO_0055,4,run.py
2007-01-19,2007,KRICO_0055,5,run.py
2007-01-20,2007,KRICO_0055,6,run.py
2007-01-21,2007,KRICO_0055,7,run.py
2007-01-22,2007,KRICO_0055,8,run.py
2007-01-23,2007,KRICO_0055,9,run.py
2007-01-24,2007,KRICO_0055,10,run.py
2007-01-25,2007,KRICO_0055,11,run.py
2007-01-26,2007,KRICO_0055,12,run.py
2007-01-27,2007,KRICO_0055,13,run.py
2007-01-28,2007,KRICO_0055,14,run.py
2007-01-29,2007,KRICO_0055,15,run.py
2007-01-30,2007,KRICO_0055,16,run.py
2007-01-31,2007,KRICO_0055,17,run.py
2007-02-01,2007,KRICO_0055,18,run.py
2007-02-02,2007,KRICO_0055,19,run.py
2007-02-03,2007,KRICO_0055,20,run.py
2007-02-04,2007,KRICO_0055,21,run.py
2007-02-05,2007,KRICO_0055,22,run.py
2007-02-06,2007,KRICO_0055,23,run.py
2007-02-07,2007,KRICO_0055,24,run.py
2007-02-08,2007,KRICO_0055,25,run.py
2007-02-09,2007,KRICO_0055,26,run.py
2007-02-10,2007,KRICO_0055,27,run.py
2007-02-11,2007,KRICO_0055,28,run.py
2007-02-12,2007,KRICO_0055,29,run.py
2007-02-13,2007,KRICO_0055,30,run.py
2007-02-14,2007,KRICO_0055,31,run.py
2007-02-15,2007,KRICO_0056,1,run.py
2007-02-16,2007,KRICO_0056,2,run.py
2007-02-17,2007,KRICO_0056,3,run.py
2007-02-18,2007,KRICO_0056,4,run.py
2007-02-19,2007,KRICO_0056,5,run.py
2007-02-20,2007,KRICO_0056,6,run.py
2007-02-21,2007,KRICO_0056,7,run.py
2007-02-22,2007,KRICO_0056,8,run.py
2007-02-23,2007,KRICO_0056,9,run.py
2007-02-24,2007,KRICO_0056,10,run.py
2007-02-25,2007,KRICO_0056,11,run.py
2007-02-26,2007,KRICO_0056,12,run.py
2007-02-27,2007,KRICO_0056,13,run.py
2007-02-28,2007,KRICO_0056,14,run.py
2007-03-01,2007,KRICO_0056,18,run.py
2007-03-02,2007,KRICO_0056,19,run.py
2007-03-03,2007,KRICO_0056,20,run.py
2007-03-04,2007,KRICO_0056,21,run.py
2007-03-05,2007,KRICO_0056,22,run.py
2007-03-06,2007,KRICO_0056,23,run.py
2007-03-07,2007,KRICO_0056,24,run.py
2007-03-08,2007,KRICO_0056,25,run.py
2007-03-09,2007,KRICO_0056,26,run.py
2007-03-10,2007,KRICO_0056,27,run.py
2007-03-11,2007,KRICO_0056,28,run.py
2007-03-12,2007,KRICO_0056,29,run.py
2007-03-13,2007,KRICO_0056,30,run.py
2007-03-14,2007,KRICO_0056,31,run.py
2007-11-15,2008,KRICO_0057,1,run.py
2007-11-16,2008,KRICO_0057,2,run.py
2007-11-17,2008,KRICO_0057,3,run.py
2007-11-18,2008,KRICO_0057,4,run.py
2007-11-19,2008,KRICO_0057,5,run.py
2007-11-20,2008,KRICO_0057,6,run.py
2007-11-21,2008,KRICO_0057,7,run.py
2007-11-22,2008,KRICO_0057,8,run.py
2007-11-23,2008,KRICO_0057,9,run.py
2007-11-24,2008,KRICO_0057,10,run.py
2007-11-25,2008,KRICO_0057,11,run.py
2007-11-26,2008,KRICO_0057,12,run.py
2007-11-27,2008,KRICO_0057,13,run.py
2007-11-28,2008,KRICO_0057,14,run.py
2007-11-29,2008,KRICO_0057,15,run.py
2007-11-30,2008,KRICO_0057,16,run.py
2007-12-01,2008,KRICO_0057,18,run.py
2007-12-02,2008,KRICO_0057,19,run.py
2007-12-03,2008,KRICO_0057,20,run.py
2007-12-04,2008,KRICO_0057,21,run.py
2007-12-05,2008,KRICO_0057,22,run.py
2007-12-06,2008,KRICO_0057,23,run.py
2007-12-07,2008,KRICO_0057,24,run.py
2007-12-08,2008,KRICO_0057,25,run.py
2007-12-09,2008,KRICO_0057,26,run.py
2007-12-10,2008,KRICO_0057,27,run.py
2007-12-11,2008,KRICO_0057,28,run.py
2007-12-12,2008,KRICO_0057,29,run.py
2007-12-13,2008,KRICO_0057,30,run.py
2007-12-14,2008,KRICO_0057,31,run.py
2007-12-15,2008,KRICO_0058,1,run.py
2007-12-16,2008,KRICO_0058,2,run.py
2007-12-17,2008,KRICO_0058,3,run.py
2007-12-18,2008,KRICO_0058,4,run.py
2007-12-19,2008,KRICO_0058,5,run.py
2007-12-20,2008,KRICO_0058,6,run.py
2007-12-21,2008,KRICO_0058,7,run.py
2007-12-22,2008,KRICO_0058,8,run.py
2007-12-23,2008,KRICO_0058,9,run.py
2007-12-24,2008,KRICO_0058,10,run.py
2007-12-25,2008,KRICO_0058,11,run.py
2007-12-26,2008,KRICO_0058,12,run.py
2007-12-27,2008,KRICO_0058,13,run.py
2007-12-28,2008,KRICO_0058,14,run.py
2007-12-29,2008,KRICO_0058,15,run.py
2007-12-30,2008,KRICO_0058,16,run.py
2007-12-31,2008,KRICO_0058,17,run.py
2008-01-01,2008,KRICO_0058,18,run.py
2008-01-02,2008,KRICO_0058,19,run.py
2008-01-03,2008,KRICO_0058,20,run.py
2008-01-04,2008,KRICO_0058,21,run.py
2008-01-05,2008,KRICO_0058,22,run.py
2008-01-06,2008,KRICO_0058,23,run.py
2008-01-07,2008,KRICO_0058,24,run.py
2008-01-08,2008,KRICO_0058,25,run.py
2008-01-09,2008,KRICO_0058,26,run.py
2008-01-10,2008,KRICO_0058,27,run.py
2008-01-11,2008,KRICO_0058,28,run.py
2008-01-12,2008,KRICO_0058,29,run.py
2008-01-13,2008,KRICO_0058,30,run.py
2008-01-14,2008,KRICO_0058,31,run.py
2008-01-15,2008,KRICO_0059,1,run.py
2008-01-16,2008,KRICO_0059,2,run.py
2008-01-17,2008,KRICO_0059,3,run.py
2008-01-18,2008,KRICO_0059,4,run.py
2008-01-19,2008,KRICO_0059,5,run.py
2008-01-20,2008,KRICO_0059,6,run.py
2008-01-21,2008,KRICO_0059,7,run.py
2008-01-22,2008,KRICO_0059,8,run.py
2008-01-23,2008,KRICO_0059,9,run.py
2008-01-24,2008,KRICO_0059,10,run.py
2008-01-25,2008,KRICO_0059,11,run.py
2008-01-26,2008,KRICO_0059,12,run.py
2008-01-27,2008,KRICO_0059,13,run.py
2008-01-28,2008,KRICO_0059,14,run.py
2008-01-29,2008,KRICO_0059,15,run.py
2008-01-30,2008,KRICO_0059,16,run.py
2008-01-31,2008,KRICO_0059,17,run.py
2008-02-01,2008,KRICO_0059,18,run.py
2008-02-02,2008,KRICO_0059,19,run.py
2008-02-03,2008,KRICO_0059,20,run.py
2008-02-04,2008,KRICO_0059,21,run.py
2008-02-05,2008,KRICO_0059,22,run.py
2008-02-06,2008,KRICO_0059,23,run.py
2008-02-07,2008,KRICO_0059,24,run.py
2008-02-08,2008,KRICO_0059,25,run.py
2008-02-09,2008,KRICO_0059,26,run.py
2008-02-10,2008,KRICO_0059,27,run.py
2008-02-11,2008,KRICO_0059,28,run.py
2008-02-12,2008,KRICO_0059,29,run.py
2008-02-13,2008,KRICO_0059,30,run.py
2008-02-14,2008,KRICO_0059,31,run.py
2008-02-15,2008,KRICO_0060,1,run.py
2008-02-16,2008,KRICO_0060,2,run.py
2008-02-17,2008,KRICO_0060,3,run.py
2008-02-18,2008,KRICO_0060,4,run.py
2008-02-19,2008,KRICO_0060,5,run.py
2008-02-20,2008,KRICO_0060,6,run.py
2008-02-21,2008,KRICO_0060,7,run.py
2008-02-22,2008,KRICO_0060,8,run.py
2008-02-23,2008,KRICO_0060,9,run_bis.py
2008-02-24,2008,KRICO_0060,10,run.py
2008-02-25,2008,KRICO_0060,11,run_bis.py
2008-02-26,2008,KRICO_0060,12,run.py
2008-02-27,2008,KRICO_0060,13,run_bis.py
2008-02-28,2008,KRICO_0060,14,run.py
2008-02-29,2008,KRICO_0060,15,run.py
2008-03-01,2008,KRICO_0060,18,run_bis.py
2008-03-02,2008,KRICO_0060,19,run_bis.py
2008-03-03,2008,KRICO_0060,20,run_bis.py
2008-03-04,2008,KRICO_0060,21,run_ter.py
2008-03-05,2008,KRICO_0060,22,run_ter.py
2008-03-06,2008,KRICO_0060,23,run_ter.py
2008-03-07,2008,KRICO_0060,24,run_ter.py
2008-03-08,2008,KRICO_0060,25,run_bis.py
2008-03-09,2008,KRICO_0060,26,run_ter.py
2008-03-10,2008,KRICO_0060,27,run_ter.py
2008-03-11,2008,KRICO_0060,28,run_ter.py
2008-03-12,2008,KRICO_0060,29,run_ter.py
2008-03-13,2008,KRICO_0060,30,run_ter.py
2008-03-14,2008,KRICO_0060,31,run_ter.py
2008-11-15,2009,KRICO_0061,1,run.py
2008-11-16,2009,KRICO_0061,2,run.py
2008-11-17,2009,KRICO_0061,3,run.py
2008-11-18,2009,KRICO_0061,4,run.py
2008-11-19,2009,KRICO_0061,5,run.py
2008-11-20,2009,KRICO_0061,6,run.py
2008-11-21,2009,KRICO_0061,7,run_bis.py
2008-11-22,2009,KRICO_0061,8,run_bis.py
2008-11-23,2009,KRICO_0061,9,run.py
2008-11-24,2009,KRICO_0061,10,run.py
2008-11-25,2009,KRICO_0061,11,run.py
2008-11-26,2009,KRICO_0061,12,run.py
2008-11-27,2009,KRICO_0061,13,run.py
2008-11-28,2009,KRICO_0061,14,run.py
2008-11-29,2009,KRICO_0061,15,run.py
2008-11-30,2009,KRICO_0061,16,run.py
2008-12-01,2009,KRICO_0061,18,run.py
2008-12-02,2009,KRICO_0061,19,run.py
2008-12-03,2009,KRICO_0061,20,run.py
2008-12-04,2009,KRICO_0061,21,run.py
2008-12-05,2009,KRICO_0061,22,run.py
2008-12-06,2009,KRICO_0061,23,run.py
2008-12-07,2009,KRICO_0061,24,run.py
2008-12-08,2009,KRICO_0061,25,run.py
2008-12-09,2009,KRICO_0061,26,run.py
2008-12-10,2009,KRICO_0061,27,run.py
2008-12-11,2009,KRICO_0061,28,run.py
2008-12-12,2009,KRICO_0061,29,run.py
2008-12-13,2009,KRICO_0061,30,run.py
2008-12-14,2009,KRICO_0061,31,run.py
2008-12-15,2009,KRICO_0062,1,run.py
2008-12-16,2009,KRICO_0062,2,run_bis.py
2008-12-17,2009,KRICO_0062,3,run.py
2008-12-18,2009,KRICO_0062,4,run.py
2008-12-19,2009,KRICO_0062,5,run.py
2008-12-20,2009,KRICO_0062,6,run.py
2008-12-21,2009,KRICO_0062,7,run.py
2008-12-22,2009,KRICO_0062,8,run.py
2008-12-23,2009,KRICO_0062,9,run.py
2008-12-24,2009,KRICO_0062,10,run_bis.py
2008-12-25,2009,KRICO_0062,11,run.py
2008-12-26,2009,KRICO_0062,12,run.py
2008-12-27,2009,KRICO_0062,13,run.py
2008-12-28,2009,KRICO_0062,14,run.py
2008-12-29,2009,KRICO_0062,15,run.py
2008-12-30,2009,KRICO_0062,16,run.py
2008-12-31,2009,KRICO_0062,17,run.py
2009-01-01,2009,KRICO_0062,18,run.py
2009-01-02,2009,KRICO_0062,19,run.py
2009-01-03,2009,KRICO_0062,20,run.py
2009-01-04,2009,KRICO_0062,21,run.py
2009-01-05,2009,KRICO_0062,22,run.py
2009-01-06,2009,KRICO_0062,23,run_ter.py
2009-01-07,2009,KRICO_0062,24,run.py
2009-01-08,2009,KRICO_0062,25,run.py
2009-01-09,2009,KRICO_0062,26,run.py
2009-01-10,2009,KRICO_0062,27,run.py
2009-01-11,2009,KRICO_0062,28,run.py
2009-01-12,2009,KRICO_0062,29,run.py
2009-01-13,2009,KRICO_0062,30,run_bis.py
2009-01-14,2009,KRICO_0062,31,run.py
2009-01-15,2009,KRICO_0063,1,run.py
2009-01-16,2009,KRICO_0063,2,run.py
2009-01-17,2009,KRICO_0063,3,run.py
2009-01-18,2009,KRICO_0063,4,run.py
2009-01-19,2009,KRICO_0063,5,run.py
2009-01-20,2009,KRICO_0063,6,run.py
2009-01-21,2009,KRICO_0063,7,run.py
2009-01-22,2009,KRICO_0063,8,run.py
2009-01-23,2009,KRICO_0063,9,run.py
2009-01-24,2009,KRICO_0063,10,run.py
2009-01-25,2009,KRICO_0063,11,run.py
2009-01-26,2009,KRICO_0063,12,run.py
2009-01-27,2009,KRICO_0063,13,run.py
2009-01-28,2009,KRICO_0063,14,run.py
2009-01-29,2009,KRICO_0063,15,run_bis.py
2009-01-30,2009,KRICO_0063,16,run.py
2009-01-31,2009,KRICO_0063,17,run.py
2009-02-01,2009,KRICO_0063,18,run.py
2009-02-02,2009,KRICO_0063,19,run.py
2009-02-03,2009,KRICO_0063,20,run.py
2009-02-04,2009,KRICO_0063,21,run.py
2009-02-05,2009,KRICO_0063,22,run.py
2009-02-06,2009,KRICO_0063,23,run.py
2009-02-07,2009,KRICO_0063,24,run.py
2009-02-08,2009,KRICO_0063,25,run.py
2009-02-09,2009,KRICO_0063,26,run.py
2009-02-10,2009,KRICO_0063,27,run.py
2009-02-11,2009,KRICO_0063,28,run.py
2009-02-12,2009,KRICO_0063,29,run.py
2009-02-13,2009,KRICO_0063,30,run.py
2009-02-14,2009,KRICO_0063,31,run.py
2009-02-15,2009,KRICO_0064,1,run.py
2009-02-16,2009,KRICO_0064,2,run.py
2009-02-17,2009,KRICO_0064,3,run.py
2009-02-18,2009,KRICO_0064,4,run.py
2009-02-19,2009,KRICO_0064,5,run.py
2009-02-20,2009,KRICO_0064,6,run.py
2009-02-21,2009,KRICO_0064,7,run.py
2009-02-22,2009,KRICO_0064,8,run.py
2009-02-23,2009,KRICO_0064,9,run_bis.py
2009-02-24,2009,KRICO_0064,10,run.py
2009-02-25,2009,KRICO_0064,11,run_bis.py
2009-02-26,2009,KRICO_0064,12,run.py
2009-02-27,2009,KRICO_0064,13,run.py
2009-02-28,2009,KRICO_0064,14,run.py
2009-03-01,2009,KRICO_0064,18,run_bis.py
2009-03-02,2009,KRICO_0064,19,run.py
2009-03-03,2009,KRICO_0064,20,run.py
2009-03-04,2009,KRICO_0064,21,run.py
2009-03-05,2009,KRICO_0064,22,run.py
2009-03-06,2009,KRICO_0064,23,run.py
2009-03-07,2009,KRICO_0064,24,run.py
2009-03-08,2009,KRICO_0064,25,run.py
2009-03-09,2009,KRICO_0064,26,run.py
2009-03-10,2009,KRICO_0064,27,run.py
2009-03-11,2009,KRICO_0064,28,run.py
2009-03-12,2009,KRICO_0064,29,run.py
2009-03-13,2009,KRICO_0064,30,run.py
2009-03-14,2009,KRICO_0064,31,run.py
2009-11-15,2010,KRICO_0065,1,run.py
2009-11-16,2010,KRICO_0065,2,run.py
2009-11-17,2010,KRICO_0065,3,run.py
2009-11-18,2010,KRICO_0065,4,run.py
2009-11-19,2010,KRICO_0065,5,run.py
2009-11-20,2010,KRICO_0065,6,run.py
2009-11-21,2010,KRICO_0065,7,run.py
2009-11-22,2010,KRICO_0065,8,run.py
2009-11-23,2010,KRICO_0065,9,run.py
2009-11-24,2010,KRICO_0065,10,run.py
2009-11-25,2010,KRICO_0065,11,run.py
2009-11-26,2010,KRICO_0065,12,run.py
2009-11-27,2010,KRICO_0065,13,run.py
2009-11-28,2010,KRICO_0065,14,run.py
2009-11-29,2010,KRICO_0065,15,run.py
2009-11-30,2010,KRICO_0065,16,run.py
2009-12-01,2010,KRICO_0065,18,run.py
2009-12-02,2010,KRICO_0065,19,run.py
2009-12-03,2010,KRICO_0065,20,run.py
2009-12-04,2010,KRICO_0065,21,run.py
2009-12-05,2010,KRICO_0065,22,run.py
2009-12-06,2010,KRICO_0065,23,run.py
2009-12-07,2010,KRICO_0065,24,run.py
2009-12-08,2010,KRICO_0065,25,run.py
2009-12-09,2010,KRICO_0065,26,run.py
2009-12-10,2010,KRICO_0065,27,run.py
2009-12-11,2010,KRICO_0065,28,run.py
2009-12-12,2010,KRICO_0065,29,run.py
2009-12-13,2010,KRICO_0065,30,run.py
2009-12-14,2010,KRICO_0065,31,run.py
2009-12-15,2010,KRICO_0066,1,run.py
2009-12-16,2010,KRICO_0066,2,run.py
2009-12-17,2010,KRICO_0066,3,run.py
2009-12-18,2010,KRICO_0066,4,run.py
2009-12-19,2010,KRICO_0066,5,run.py
2009-12-20,2010,KRICO_0066,6,run.py
2009-12-21,2010,KRICO_0066,7,run.py
2009-12-22,2010,KRICO_0066,8,run.py
2009-12-23,2010,KRICO_0066,9,run.py
2009-12-24,2010,KRICO_0066,10,run.py
2009-12-25,2010,KRICO_0066,11,run.py
2009-12-26,2010,KRICO_0066,12,run.py
2009-12-27,2010,KRICO_0066,13,run.py
2009-12-28,2010,KRICO_0066,14,run.py
2009-12-29,2010,KRICO_0066,15,run.py
2009-12-30,2010,KRICO_0066,16,run.py
2009-12-31,2010,KRICO_0066,17,run.py
2010-01-01,2010,KRICO_0066,18,run.py
2010-01-02,2010,KRICO_0066,19,run.py
2010-01-03,2010,KRICO_0066,20,run.py
2010-01-04,2010,KRICO_0066,21,run.py
2010-01-05,2010,KRICO_0066,22,run.py
2010-01-06,2010,KRICO_0066,23,run.py
2010-01-07,2010,KRICO_0066,24,run.py
2010-01-08,2010,KRICO_0066,25,run.py
2010-01-09,2010,KRICO_0066,26,run.py
2010-01-10,2010,KRICO_0066,27,run.py
2010-01-11,2010,KRICO_0066,28,run_bis.py
2010-01-12,2010,KRICO_0066,29,run.py
2010-01-13,2010,KRICO_0066,30,run.py
2010-01-14,2010,KRICO_0066,31,run.py
2010-01-15,2010,KRICO_0067,1,run.py
2010-01-16,2010,KRICO_0067,2,run_ter.py
2010-01-17,2010,KRICO_0067,3,run.py
2010-01-18,2010,KRICO_0067,4,run.py
2010-01-19,2010,KRICO_0067,5,run.py
2010-01-20,2010,KRICO_0067,6,run.py
2010-01-21,2010,KRICO_0067,7,run_bis.py
2010-01-22,2010,KRICO_0067,8,run_bis.py
2010-01-23,2010,KRICO_0067,9,run_bis.py
2010-01-24,2010,KRICO_0067,10,run_ter.py
2010-01-25,2010,KRICO_0067,11,run.py
2010-01-26,2010,KRICO_0067,12,run.py
2010-01-27,2010,KRICO_0067,13,run.py
2010-01-28,2010,KRICO_0067,14,run_ter.py
2010-01-29,2010,KRICO_0067,15,run_bis.py
2010-01-30,2010,KRICO_0067,16,run_ter.py
2010-01-31,2010,KRICO_0067,17,run.py
2010-02-01,2010,KRICO_0067,18,run_ter.py
2010-02-02,2010,KRICO_0067,19,run.py
2010-02-03,2010,KRICO_0067,20,run.py
2010-02-04,2010,KRICO_0067,21,run.py
2010-02-05,2010,KRICO_0067,22,run_ter.py
2010-02-06,2010,KRICO_0067,23,run.py
2010-02-07,2010,KRICO_0067,24,run_ter.py
2010-02-08,2010,KRICO_0067,25,run_ter.py
2010-02-09,2010,KRICO_0067,26,run_ter.py
2010-02-10,2010,KRICO_0067,27,run_bis.py
2010-02-11,2010,KRICO_0067,28,run_bis.py
2010-02-12,2010,KRICO_0067,29,run_ter.py
2010-02-13,2010,KRICO_0067,30,run.py
2010-02-14,2010,KRICO_0067,31,run_ter.py
2010-02-15,2010,KRICO_0068,1,run_ter.py
2010-02-16,2010,KRICO_0068,2,run.py
2010-02-17,2010,KRICO_0068,3,run_ter.py
2010-02-18,2010,KRICO_0068,4,run.py
2010-02-19,2010,KRICO_0068,5,run.py
2010-02-20,2010,KRICO_0068,6,run_bis.py
2010-02-21,2010,KRICO_0068,7,run.py
2010-02-22,2010,KRICO_0068,8,run.py
2010-02-23,2010,KRICO_0068,9,run_ter.py
2010-02-24,2010,KRICO_0068,10,run_bis.py
2010-02-25,2010,KRICO_0068,11,run.py
2010-02-26,2010,KRICO_0068,12,run_ter.py
2010-02-27,2010,KRICO_0068,13,run_bis.py
2010-02-28,2010,KRICO_0068,14,run.py
2010-03-01,2010,KRICO_0068,18,run_ter.py
2010-03-02,2010,KRICO_0068,19,run_ter.py
2010-03-03,2010,KRICO_0068,20,run_ter.py
2010-03-04,2010,KRICO_0068,21,run_ter.py
2010-03-05,2010,KRICO_0068,22,run_ter.py
2010-03-06,2010,KRICO_0068,23,run_ter.py
2010-03-07,2010,KRICO_0068,24,run_ter.py
2010-03-08,2010,KRICO_0068,25,run_ter.py
2010-03-09,2010,KRICO_0068,26,run.py
2010-03-10,2010,KRICO_0068,27,run_bis.py
2010-03-11,2010,KRICO_0068,28,run_bis.py
2010-03-12,2010,KRICO_0068,29,run.py
2010-03-13,2010,KRICO_0068,30,run_ter.py
2010-03-14,2010,KRICO_0068,31,run_ter.py
2010-11-15,2011,KRICO_0069,1,run.py
2010-11-16,2011,KRICO_0069,2,run.py
2010-11-17,2011,KRICO_0069,3,run.py
2010-11-18,2011,KRICO_0069,4,run.py
2010-11-19,2011,KRICO_0069,5,run.py
2010-11-20,2011,KRICO_0069,6,run.py
2010-11-21,2011,KRICO_0069,7,run.py
2010-11-22,2011,KRICO_0069,8,run.py
2010-11-23,2011,KRICO_0069,9,run.py
2010-11-24,2011,KRICO_0069,10,run.py
2010-11-25,2011,KRICO_0069,11,run.py
2010-11-26,2011,KRICO_0069,12,run.py
2010-11-27,2011,KRICO_0069,13,run.py
2010-11-28,2011,KRICO_0069,14,run.py
2010-11-29,2011,KRICO_0069,15,run.py
2010-11-30,2011,KRICO_0069,16,run.py
2010-12-01,2011,KRICO_0069,18,run.py
2010-12-02,2011,KRICO_0069,19,run.py
2010-12-03,2011,KRICO_0069,20,run.py
2010-12-04,2011,KRICO_0069,21,run.py
2010-12-05,2011,KRICO_0069,22,run.py
2010-12-06,2011,KRICO_0069,23,run.py
2010-12-07,2011,KRICO_0069,24,run.py
2010-12-08,2011,KRICO_0069,25,run.py
2010-12-09,2011,KRICO_0069,26,run.py
2010-12-10,2011,KRICO_0069,27,run.py
2010-12-11,2011,KRICO_0069,28,run.py
2010-12-12,2011,KRICO_0069,29,run.py
2010-12-13,2011,KRICO_0069,30,run.py
2010-12-14,2011,KRICO_0069,31,run.py
2010-12-15,2011,KRICO_0070,1,run.py
2010-12-16,2011,KRICO_0070,2,run.py
2010-12-17,2011,KRICO_0070,3,run.py
2010-12-18,2011,KRICO_0070,4,run.py
2010-12-19,2011,KRICO_0070,5,run.py
2010-12-20,2011,KRICO_0070,6,run.py
2010-12-21,2011,KRICO_0070,7,run.py
2010-12-22,2011,KRICO_0070,8,run.py
2010-12-23,2011,KRICO_0070,9,run.py
2010-12-24,2011,KRICO_0070,10,run.py
2010-12-25,2011,KRICO_0070,11,run.py
2010-12-26,2011,KRICO_0070,12,run.py
2010-12-27,2011,KRICO_0070,13,run.py
2010-12-28,2011,KRICO_0070,14,run.py
2010-12-29,2011,KRICO_0070,15,run.py
2010-12-30,2011,KRICO_0070,16,run.py
2010-12-31,2011,KRICO_0070,17,run.py
2011-01-01,2011,KRICO_0070,18,run.py
2011-01-02,2011,KRICO_0070,19,run.py
2011-01-03,2011,KRICO_0070,20,run.py
2011-01-04,2011,KRICO_0070,21,run.py
2011-01-05,2011,KRICO_0070,22,run.py
2011-01-06,2011,KRICO_0070,23,run.py
2011-01-07,2011,KRICO_0070,24,run.py
2011-01-08,2011,KRICO_0070,25,run.py
2011-01-09,2011,KRICO_0070,26,run.py
2011-01-10,2011,KRICO_0070,27,run.py
2011-01-11,2011,KRICO_0070,28,run.py
2011-01-12,2011,KRICO_0070,29,run.py
2011-01-13,2011,KRICO_0070,30,run.py
2011-01-14,2011,KRICO_0070,31,run.py
2011-01-15,2011,KRICO_0071,1,run.py
2011-01-16,2011,KRICO_0071,2,run.py
2011-01-17,2011,KRICO_0071,3,run.py
2011-01-18,2011,KRICO_0071,4,run.py
2011-01-19,2011,KRICO_0071,5,run.py
2011-01-20,2011,KRICO_0071,6,run.py
2011-01-21,2011,KRICO_0071,7,run.py
2011-01-22,2011,KRICO_0071,8,run.py
2011-01-23,2011,KRICO_0071,9,run.py
2011-01-24,2011,KRICO_0071,10,run.py
2011-01-25,2011,KRICO_0071,11,run.py
2011-01-26,2011,KRICO_0071,12,run.py
2011-01-27,2011,KRICO_0071,13,run.py
2011-01-28,2011,KRICO_0071,14,run.py
2011-01-29,2011,KRICO_0071,15,run.py
2011-01-30,2011,KRICO_0071,16,run.py
2011-01-31,2011,KRICO_0071,17,run.py
2011-02-01,2011,KRICO_0071,18,run.py
2011-02-02,2011,KRICO_0071,19,run.py
2011-02-03,2011,KRICO_0071,20,run.py
2011-02-04,2011,KRICO_0071,21,run.py
2011-02-05,2011,KRICO_0071,22,run.py
2011-02-06,2011,KRICO_0071,23,run.py
2011-02-07,2011,KRICO_0071,24,run.py
2011-02-08,2011,KRICO_0071,25,run.py
2011-02-09,2011,KRICO_0071,26,run.py
2011-02-10,2011,KRICO_0071,27,run.py
2011-02-11,2011,KRICO_0071,28,run.py
2011-02-12,2011,KRICO_0071,29,run.py
2011-02-13,2011,KRICO_0071,30,run.py
2011-02-14,2011,KRICO_0071,31,run.py
2011-02-15,2011,KRICO_0072,1,run.py
2011-02-16,2011,KRICO_0072,2,run.py
2011-02-17,2011,KRICO_0072,3,run.py
2011-02-18,2011,KRICO_0072,4,run.py
2011-02-19,2011,KRICO_0072,5,run.py
2011-02-20,2011,KRICO_0072,6,run.py
2011-02-21,2011,KRICO_0072,7,run.py
2011-02-22,2011,KRICO_0072,8,run.py
2011-02-23,2011,KRICO_0072,9,run.py
2011-02-24,2011,KRICO_0072,10,run.py
2011-02-25,2011,KRICO_0072,11,run.py
2011-02-26,2011,KRICO_0072,12,run.py
2011-02-27,2011,KRICO_0072,13,run.py
2011-02-28,2011,KRICO_0072,14,run.py
2011-03-01,2011,KRICO_0072,18,run.py
2011-03-02,2011,KRICO_0072,19,run.py
2011-03-03,2011,KRICO_0072,20,run.py
2011-03-04,2011,KRICO_0072,21,run.py
2011-03-05,2011,KRICO_0072,22,run.py
2011-03-06,2011,KRICO_0072,23,run.py
2011-03-07,2011,KRICO_0072,24,run.py
2011-03-08,2011,KRICO_0072,25,run.py
2011-03-09,2011,KRICO_0072,26,run.py
2011-03-10,2011,KRICO_0072,27,run.py
2011-03-11,2011,KRICO_0072,28,run.py
2011-03-12,2011,KRICO_0072,29,run.py
2011-03-13,2011,KRICO_0072,30,run.py
2011-03-14,2011,KRICO_0072,31,run.py
2011-11-15,2012,KRICO_0073,1,run.py
2011-11-16,2012,KRICO_0073,2,run.py
2011-11-17,2012,KRICO_0073,3,run.py
2011-11-18,2012,KRICO_0073,4,run.py
2011-11-19,2012,KRICO_0073,5,run.py
2011-11-20,2012,KRICO_0073,6,run.py
2011-11-21,2012,KRICO_0073,7,run.py
2011-11-22,2012,KRICO_0073,8,run.py
2011-11-23,2012,KRICO_0073,9,run.py
2011-11-24,2012,KRICO_0073,10,run.py
2011-11-25,2012,KRICO_0073,11,run.py
2011-11-26,2012,KRICO_0073,12,run.py
2011-11-27,2012,KRICO_0073,13,run.py
2011-11-28,2012,KRICO_0073,14,run.py
2011-11-29,2012,KRICO_0073,15,run.py
2011-11-30,2012,KRICO_0073,16,run.py
2011-12-01,2012,KRICO_0073,18,run.py
2011-12-02,2012,KRICO_0073,19,run.py
2011-12-03,2012,KRICO_0073,20,run.py
2011-12-04,2012,KRICO_0073,21,run.py
2011-12-05,2012,KRICO_0073,22,run.py
2011-12-06,2012,KRICO_0073,23,run.py
2011-12-07,2012,KRICO_0073,24,run.py
2011-12-08,2012,KRICO_0073,25,run.py
2011-12-09,2012,KRICO_0073,26,run.py
2011-12-10,2012,KRICO_0073,27,run.py
2011-12-11,2012,KRICO_0073,28,run.py
2011-12-12,2012,KRICO_0073,29,run.py
2011-12-13,2012,KRICO_0073,30,run.py
2011-12-14,2012,KRICO_0073,31,run.py
2011-12-15,2012,KRICO_0074,1,run.py
2011-12-16,2012,KRICO_0074,2,run.py
2011-12-17,2012,KRICO_0074,3,run.py
2011-12-18,2012,KRICO_0074,4,run.py
2011-12-19,2012,KRICO_0074,5,run.py
2011-12-20,2012,KRICO_0074,6,run.py
2011-12-21,2012,KRICO_0074,7,run.py
2011-12-22,2012,KRICO_0074,8,run.py
2011-12-23,2012,KRICO_0074,9,run.py
2011-12-24,2012,KRICO_0074,10,run.py
2011-12-25,2012,KRICO_0074,11,run.py
2011-12-26,2012,KRICO_0074,12,run.py
2011-12-27,2012,KRICO_0074,13,run.py
2011-12-28,2012,KRICO_0074,14,run.py
2011-12-29,2012,KRICO_0074,15,run.py
2011-12-30,2012,KRICO_0074,16,run.py
2011-12-31,2012,KRICO_0074,17,run.py
2012-01-01,2012,KRICO_0074,18,run.py
2012-01-02,2012,KRICO_0074,19,run.py
2012-01-03,2012,KRICO_0074,20,run.py
2012-01-04,2012,KRICO_0074,21,run.py
2012-01-05,2012,KRICO_0074,22,run.py
2012-01-06,2012,KRICO_0074,23,run.py
2012-01-07,2012,KRICO_0074,24,run.py
2012-01-08,2012,KRICO_0074,25,run.py
2012-01-09,2012,KRICO_0074,26,run.py
2012-01-10,2012,KRICO_0074,27,run.py
2012-01-11,2012,KRICO_0074,28,run.py
2012-01-12,2012,KRICO_0074,29,run.py
2012-01-13,2012,KRICO_0074,30,run.py
2012-01-14,2012,KRICO_0074,31,run.py
2012-01-15,2012,KRICO_0075,1,run.py
2012-01-16,2012,KRICO_0075,2,run.py
2012-01-17,2012,KRICO_0075,3,run.py
2012-01-18,2012,KRICO_0075,4,run.py
2012-01-19,2012,KRICO_0075,5,run.py
2012-01-20,2012,KRICO_0075,6,run.py
2012-01-21,2012,KRICO_0075,7,run.py
2012-01-22,2012,KRICO_0075,8,run.py
2012-01-23,2012,KRICO_0075,9,run.py
2012-01-24,2012,KRICO_0075,10,run.py
2012-01-25,2012,KRICO_0075,11,run.py
2012-01-26,2012,KRICO_0075,12,run.py
2012-01-27,2012,KRICO_0075,13,run.py
2012-01-28,2012,KRICO_0075,14,run.py
2012-01-29,2012,KRICO_0075,15,run.py
2012-01-30,2012,KRICO_0075,16,run.py
2012-01-31,2012,KRICO_0075,17,run.py
2012-02-01,2012,KRICO_0075,18,run.py
2012-02-02,2012,KRICO_0075,19,run.py
2012-02-03,2012,KRICO_0075,20,run.py
2012-02-04,2012,KRICO_0075,21,run.py
2012-02-05,2012,KRICO_0075,22,run.py
2012-02-06,2012,KRICO_0075,23,run.py
2012-02-07,2012,KRICO_0075,24,run.py
2012-02-08,2012,KRICO_0075,25,run.py
2012-02-09,2012,KRICO_0075,26,run.py
2012-02-10,2012,KRICO_0075,27,run.py
2012-02-11,2012,KRICO_0075,28,run.py
2012-02-12,2012,KRICO_0075,29,run.py
2012-02-13,2012,KRICO_0075,30,run.py
2012-02-14,2012,KRICO_0075,31,run.py
2012-02-15,2012,KRICO_0076,1,run.py
2012-02-16,2012,KRICO_0076,2,run.py
2012-02-17,2012,KRICO_0076,3,run.py
2012-02-18,2012,KRICO_0076,4,run.py
2012-02-19,2012,KRICO_0076,5,run.py
2012-02-20,2012,KRICO_0076,6,run.py
2012-02-21,2012,KRICO_0076,7,run.py
2012-02-22,2012,KRICO_0076,8,run.py
2012-02-23,2012,KRICO_0076,9,run.py
2012-02-24,2012,KRICO_0076,10,run.py
2012-02-25,2012,KRICO_0076,11,run.py
2012-02-26,2012,KRICO_0076,12,run.py
2012-02-27,2012,KRICO_0076,13,run.py
2012-02-28,2012,KRICO_0076,14,run.py
2012-02-29,2012,KRICO_0076,15,run.py
2012-03-01,2012,KRICO_0076,18,run.py
2012-03-02,2012,KRICO_0076,19,run.py
2012-03-03,2012,KRICO_0076,20,run.py
2012-03-04,2012,KRICO_0076,21,run.py
2012-03-05,2012,KRICO_0076,22,run.py
2012-03-06,2012,KRICO_0076,23,run.py
2012-03-07,2012,KRICO_0076,24,run.py
2012-03-08,2012,KRICO_0076,25,run.py
2012-03-09,2012,KRICO_0076,26,run.py
2012-03-10,2012,KRICO_0076,27,run.py
2012-03-11,2012,KRICO_0076,28,run.py
2012-03-12,2012,KRICO_0076,29,run.py
2012-03-13,2012,KRICO_0076,30,run.py
2012-03-14,2012,KRICO_0076,31,run.py
2012-11-15,2013,KRICO_0077,1,run.py
2012-11-16,2013,KRICO_0077,2,run.py
2012-11-17,2013,KRICO_0077,3,run.py
2012-11-18,2013,KRICO_0077,4,run.py
2012-11-19,2013,KRICO_0077,5,run.py
2012-11-20,2013,KRICO_0077,6,run.py
2012-11-21,2013,KRICO_0077,7,run.py
2012-11-22,2013,KRICO_0077,8,run.py
2012-11-23,2013,KRICO_0077,9,run.py
2012-11-24,2013,KRICO_0077,10,run.py
2012-11-25,2013,KRICO_0077,11,run.py
2012-11-26,2013,KRICO_0077,12,run.py
2012-11-27,2013,KRICO_0077,13,run.py
2012-11-28,2013,KRICO_0077,14,run.py
2012-11-29,2013,KRICO_0077,15,run.py
2012-11-30,2013,KRICO_0077,16,run.py
2012-12-01,2013,KRICO_0077,18,run.py
2012-12-02,2013,KRICO_0077,19,run.py
2012-12-03,2013,KRICO_0077,20,run.py
2012-12-04,2013,KRICO_0077,21,run.py
2012-12-05,2013,KRICO_0077,22,run.py
2012-12-06,2013,KRICO_0077,23,run.py
2012-12-07,2013,KRICO_0077,24,run.py
2012-12-08,2013,KRICO_0077,25,run.py
2012-12-09,2013,KRICO_0077,26,run.py
2012-12-10,2013,KRICO_0077,27,run.py
2012-12-11,2013,KRICO_0077,28,run.py
2012-12-12,2013,KRICO_0077,29,run.py
2012-12-13,2013,KRICO_0077,30,run.py
2012-12-14,2013,KRICO_0077,31,run.py
2012-12-15,2013,KRICO_0078,1,run.py
2012-12-16,2013,KRICO_0078,2,run.py
2012-12-17,2013,KRICO_0078,3,run.py
2012-12-18,2013,KRICO_0078,4,run.py
2012-12-19,2013,KRICO_0078,5,run.py
2012-12-20,2013,KRICO_0078,6,run.py
2012-12-21,2013,KRICO_0078,7,run.py
2012-12-22,2013,KRICO_0078,8,run.py
2012-12-23,2013,KRICO_0078,9,run.py
2012-12-24,2013,KRICO_0078,10,run.py
2012-12-25,2013,KRICO_0078,11,run.py
2012-12-26,2013,KRICO_0078,12,run.py
2012-12-27,2013,KRICO_0078,13,run.py
2012-12-28,2013,KRICO_0078,14,run.py
2012-12-29,2013,KRICO_0078,15,run.py
2012-12-30,2013,KRICO_0078,16,run.py
2012-12-31,2013,KRICO_0078,17,run.py
2013-01-01,2013,KRICO_0078,18,run.py
2013-01-02,2013,KRICO_0078,19,run.py
2013-01-03,2013,KRICO_0078,20,run.py
2013-01-04,2013,KRICO_0078,21,run.py
2013-01-05,2013,KRICO_0078,22,run.py
2013-01-06,2013,KRICO_0078,23,run.py
2013-01-07,2013,KRICO_0078,24,run.py
2013-01-08,2013,KRICO_0078,25,run.py
2013-01-09,2013,KRICO_0078,26,run.py
2013-01-10,2013,KRICO_0078,27,run.py
2013-01-11,2013,KRICO_0078,28,run.py
2013-01-12,2013,KRICO_0078,29,run.py
2013-01-13,2013,KRICO_0078,30,run.py
2013-01-14,2013,KRICO_0078,31,run.py
2013-01-15,2013,KRICO_0079,1,run.py
2013-01-16,2013,KRICO_0079,2,run.py
2013-01-17,2013,KRICO_0079,3,run.py
2013-01-18,2013,KRICO_0079,4,run.py
2013-01-19,2013,KRICO_0079,5,run.py
2013-01-20,2013,KRICO_0079,6,run.py
2013-01-21,2013,KRICO_0079,7,run.py
2013-01-22,2013,KRICO_0079,8,run.py
2013-01-23,2013,KRICO_0079,9,run.py
2013-01-24,2013,KRICO_0079,10,run.py
2013-01-25,2013,KRICO_0079,11,run.py
2013-01-26,2013,KRICO_0079,12,run.py
2013-01-27,2013,KRICO_0079,13,run.py
2013-01-28,2013,KRICO_0079,14,run.py
2013-01-29,2013,KRICO_0079,15,run.py
2013-01-30,2013,KRICO_0079,16,run.py
2013-01-31,2013,KRICO_0079,17,run.py
2013-02-01,2013,KRICO_0079,18,run.py
2013-02-02,2013,KRICO_0079,19,run.py
2013-02-03,2013,KRICO_0079,20,run.py
2013-02-04,2013,KRICO_0079,21,run.py
2013-02-05,2013,KRICO_0079,22,run.py
2013-02-06,2013,KRICO_0079,23,run.py
2013-02-07,2013,KRICO_0079,24,run.py
2013-02-08,2013,KRICO_0079,25,run.py
2013-02-09,2013,KRICO_0079,26,run.py
2013-02-10,2013,KRICO_0079,27,run.py
2013-02-11,2013,KRICO_0079,28,run.py
2013-02-12,2013,KRICO_0079,29,run.py
2013-02-13,2013,KRICO_0079,30,run.py
2013-02-14,2013,KRICO_0079,31,run.py
2013-02-15,2013,KRICO_0080,1,run.py
2013-02-16,2013,KRICO_0080,2,run.py
2013-02-17,2013,KRICO_0080,3,run.py
2013-02-18,2013,KRICO_0080,4,run.py
2013-02-19,2013,KRICO_0080,5,run.py
2013-02-20,2013,KRICO_0080,6,run.py
2013-02-21,2013,KRICO_0080,7,run.py
2013-02-22,2013,KRICO_0080,8,run.py
2013-02-23,2013,KRICO_0080,9,run.py
2013-02-24,2013,KRICO_0080,10,run.py
2013-02-25,2013,KRICO_0080,11,run.py
2013-02-26,2013,KRICO_0080,12,run.py
2013-02-27,2013,KRICO_0080,13,run.py
2013-02-28,2013,KRICO_0080,14,run.py
2013-03-01,2013,KRICO_0080,18,run.py
2013-03-02,2013,KRICO_0080,19,run.py
2013-03-03,2013,KRICO_0080,20,run.py
2013-03-04,2013,KRICO_0080,21,run.py
2013-03-05,2013,KRICO_0080,22,run.py
2013-03-06,2013,KRICO_0080,23,run.py
2013-03-07,2013,KRICO_0080,24,run.py
2013-03-08,2013,KRICO_0080,25,run.py
2013-03-09,2013,KRICO_0080,26,run.py
2013-03-10,2013,KRICO_0080,27,run.py
2013-03-11,2013,KRICO_0080,28,run.py
2013-03-12,2013,KRICO_0080,29,run.py
2013-03-13,2013,KRICO_0080,30,run.py
2013-03-14,2013,KRICO_0080,31,run.py
2013-11-15,2014,KRICO_0081,1,run_ter.py
2013-11-16,2014,KRICO_0081,2,run_ter.py
2013-11-17,2014,KRICO_0081,3,run_ter.py
2013-11-18,2014,KRICO_0081,4,run_ter.py
2013-11-19,2014,KRICO_0081,5,run_ter.py
2013-11-20,2014,KRICO_0081,6,run_ter.py
2013-11-21,2014,KRICO_0081,7,run_ter.py
2013-11-22,2014,KRICO_0081,8,run_ter.py
2013-11-23,2014,KRICO_0081,9,run_ter.py
2013-11-24,2014,KRICO_0081,10,run_ter.py
2013-11-25,2014,KRICO_0081,11,run_ter.py
2013-11-26,2014,KRICO_0081,12,run_ter.py
2013-11-27,2014,KRICO_0081,13,run_ter.py
2013-11-28,2014,KRICO_0081,14,run_ter.py
2013-11-29,2014,KRICO_0081,15,run_ter.py
2013-11-30,2014,KRICO_0081,16,run_ter.py
2013-12-01,2014,KRICO_0081,18,run_ter.py
2013-12-02,2014,KRICO_0081,19,run_ter.py
2013-12-03,2014,KRICO_0081,20,run_ter.py
2013-12-04,2014,KRICO_0081,21,run_ter.py
2013-12-05,2014,KRICO_0081,22,run_ter.py
2013-12-06,2014,KRICO_0081,23,run_ter.py
2013-12-07,2014,KRICO_0081,24,run_ter.py
2013-12-08,2014,KRICO_0081,25,run_ter.py
2013-12-09,2014,KRICO_0081,26,run_ter.py
2013-12-10,2014,KRICO_0081,27,run_ter.py
2013-12-11,2014,KRICO_0081,28,run_ter.py
2013-12-12,2014,KRICO_0081,29,run_ter.py
2013-12-13,2014,KRICO_0081,30,run_ter.py
2013-12-14,2014,KRICO_0081,31,run_ter.py
2013-12-15,2014,KRICO_0082,1,run_ter.py
2013-12-16,2014,KRICO_0082,2,run_ter.py
2013-12-17,2014,KRICO_0082,3,run_ter.py
2013-12-18,2014,KRICO_0082,4,run_ter.py
2013-12-19,2014,KRICO_0082,5,run_ter.py
2013-12-20,2014,KRICO_0082,6,run_ter.py
2013-12-21,2014,KRICO_0082,7,run_ter.py
2013-12-22,2014,KRICO_0082,8,run_ter.py
2013-12-23,2014,KRICO_0082,9,run_ter.py
2013-12-24,2014,KRICO_0082,10,run_ter.py
2013-12-25,2014,KRICO_0082,11,run_ter.py
2013-12-26,2014,KRICO_0082,12,run_ter.py
2013-12-27,2014,KRICO_0082,13,run_ter.py
2013-12-28,2014,KRICO_0082,14,run_ter.py
2013-12-29,2014,KRICO_0082,15,run_ter.py
2013-12-30,2014,KRICO_0082,16,run_ter.py
2013-12-31,2014,KRICO_0082,17,run_ter.py
2014-01-01,2014,KRICO_0082,18,run_ter.py
2014-01-02,2014,KRICO_0082,19,run_ter.py
2014-01-03,2014,KRICO_0082,20,run_ter.py
2014-01-04,2014,KRICO_0082,21,run_ter.py
2014-01-05,2014,KRICO_0082,22,run_ter.py
2014-01-06,2014,KRICO_0082,23,run_ter.py
2014-01-07,2014,KRICO_0082,24,run_ter.py
2014-01-08,2014,KRICO_0082,25,run_ter.py
2014-01-09,2014,KRICO_0082,26,run_ter.py
2014-01-10,2014,KRICO_0082,27,run_ter.py
2014-01-11,2014,KRICO_0082,28,run_ter.py
2014-01-12,2014,KRICO_0082,29,run_ter.py
2014-01-13,2014,KRICO_0082,30,run_ter.py
2014-01-14,2014,KRICO_0082,31,run_ter.py
2014-01-15,2014,KRICO_0083,1,run_ter.py
2014-01-16,2014,KRICO_0083,2,run_ter.py
2014-01-17,2014,KRICO_0083,3,run_ter.py
2014-01-18,2014,KRICO_0083,4,run_ter.py
2014-01-19,2014,KRICO_0083,5,run_ter.py
2014-01-20,2014,KRICO_0083,6,run_ter.py
2014-01-21,2014,KRICO_0083,7,run_ter.py
2014-01-22,2014,KRICO_0083,8,run_ter.py
2014-01-23,2014,KRICO_0083,9,run_ter.py
2014-01-24,2014,KRICO_0083,10,run_ter.py
2014-01-25,2014,KRICO_0083,11,run_ter.py
2014-01-26,2014,KRICO_0083,12,run_ter.py
2014-01-27,2014,KRICO_0083,13,run_ter.py
2014-01-28,2014,KRICO_0083,14,run_ter.py
2014-01-29,2014,KRICO_0083,15,run_ter.py
2014-01-30,2014,KRICO_0083,16,run_ter.py
2014-01-31,2014,KRICO_0083,17,run_ter.py
2014-02-01,2014,KRICO_0083,18,run_ter.py
2014-02-02,2014,KRICO_0083,19,run_ter.py
2014-02-03,2014,KRICO_0083,20,run_ter.py
2014-02-04,2014,KRICO_0083,21,run_ter.py
2014-02-05,2014,KRICO_0083,22,run_ter.py
2014-02-06,2014,KRICO_0083,23,run_ter.py
2014-02-07,2014,KRICO_0083,24,run_ter.py
2014-02-08,2014,KRICO_0083,25,run_ter.py
2014-02-09,2014,KRICO_0083,26,run_ter.py
2014-02-10,2014,KRICO_0083,27,run_ter.py
2014-02-11,2014,KRICO_0083,28,run_ter.py
2014-02-12,2014,KRICO_0083,29,run_ter.py
2014-02-13,2014,KRICO_0083,30,run_ter.py
2014-02-14,2014,KRICO_0083,31,run_ter.py
2014-02-15,2014,KRICO_0084,1,run_ter.py
2014-02-16,2014,KRICO_0084,2,run_ter.py
2014-02-17,2014,KRICO_0084,3,run_ter.py
2014-02-18,2014,KRICO_0084,4,run_ter.py
2014-02-19,2014,KRICO_0084,5,run_ter.py
2014-02-20,2014,KRICO_0084,6,run_ter.py
2014-02-21,2014,KRICO_0084,7,run_ter.py
2014-02-22,2014,KRICO_0084,8,run_ter.py
2014-02-23,2014,KRICO_0084,9,run_ter.py
2014-02-24,2014,KRICO_0084,10,run_ter.py
2014-02-25,2014,KRICO_0084,11,run_ter.py
2014-02-26,2014,KRICO_0084,12,run_ter.py
2014-02-27,2014,KRICO_0084,13,run_ter.py
2014-02-28,2014,KRICO_0084,14,run_ter.py
2014-03-01,2014,KRICO_0084,18,run_ter.py
2014-03-02,2014,KRICO_0084,19,run_ter.py
2014-03-03,2014,KRICO_0084,20,run_ter.py
2014-03-04,2014,KRICO_0084,21,run_ter.py
2014-03-05,2014,KRICO_0084,22,run_ter.py
2014-03-06,2014,KRICO_0084,23,run_ter.py
2014-03-07,2014,KRICO_0084,24,run_ter.py
2014-03-08,2014,KRICO_0084,25,run_ter.py
2014-03-09,2014,KRICO_0084,26,run_ter.py
2014-03-10,2014,KRICO_0084,27,run_ter.py
2014-03-11,2014,KRICO_0084,28,run_ter.py
2014-03-12,2014,KRICO_0084,29,run_ter.py
2014-03-13,2014,KRICO_0084,30,run_ter.py
2014-03-14,2014,KRICO_0084,31,run_ter.py
2014-11-15,2015,KRICO_0085,1,run.py
2014-11-16,2015,KRICO_0085,2,run.py
2014-11-17,2015,KRICO_0085,3,run.py
2014-11-18,2015,KRICO_0085,4,run.py
2014-11-19,2015,KRICO_0085,5,run.py
2014-11-20,2015,KRICO_0085,6,run.py
2014-11-21,2015,KRICO_0085,7,run.py
2014-11-22,2015,KRICO_0085,8,run.py
2014-11-23,2015,KRICO_0085,9,run.py
2014-11-24,2015,KRICO_0085,10,run.py
2014-11-25,2015,KRICO_0085,11,run.py
2014-11-26,2015,KRICO_0085,12,run.py
2014-11-27,2015,KRICO_0085,13,run.py
2014-11-28,2015,KRICO_0085,14,run.py
2014-11-29,2015,KRICO_0085,15,run.py
2014-11-30,2015,KRICO_0085,16,run.py
2014-12-01,2015,KRICO_0085,18,run.py
2014-12-02,2015,KRICO_0085,19,run.py
2014-12-03,2015,KRICO_0085,20,run.py
2014-12-04,2015,KRICO_0085,21,run.py
2014-12-05,2015,KRICO_0085,22,run.py
2014-12-06,2015,KRICO_0085,23,run.py
2014-12-07,2015,KRICO_0085,24,run.py
2014-12-08,2015,KRICO_0085,25,run.py
2014-12-09,2015,KRICO_0085,26,run.py
2014-12-10,2015,KRICO_0085,27,run.py
2014-12-11,2015,KRICO_0085,28,run.py
2014-12-12,2015,KRICO_0085,29,run.py
2014-12-13,2015,KRICO_0085,30,run.py
2014-12-14,2015,KRICO_0085,31,run_bis.py
2014-12-15,2015,KRICO_0086,1,run.py
2014-12-16,2015,KRICO_0086,2,run.py
2014-12-17,2015,KRICO_0086,3,run.py
2014-12-18,2015,KRICO_0086,4,run.py
2014-12-19,2015,KRICO_0086,5,run.py
2014-12-20,2015,KRICO_0086,6,run.py
2014-12-21,2015,KRICO_0086,7,run.py
2014-12-22,2015,KRICO_0086,8,run.py
2014-12-23,2015,KRICO_0086,9,run.py
2014-12-24,2015,KRICO_0086,10,run.py
2014-12-25,2015,KRICO_0086,11,run.py
2014-12-26,2015,KRICO_0086,12,run.py
2014-12-27,2015,KRICO_0086,13,run.py
2014-12-28,2015,KRICO_0086,14,run.py
2014-12-29,2015,KRICO_0086,15,run.py
2014-12-30,2015,KRICO_0086,16,run.py
2014-12-31,2015,KRICO_0086,17,run.py
2015-01-01,2015,KRICO_0086,18,run.py
2015-01-02,2015,KRICO_0086,19,run.py
2015-01-03,2015,KRICO_0086,20,run.py
2015-01-04,2015,KRICO_0086,21,run.py
2015-01-05,2015,KRICO_0086,22,run.py
2015-01-06,2015,KRICO_0086,23,run.py
2015-01-07,2015,KRICO_0086,24,run.py
2015-01-08,2015,KRICO_0086,25,run.py
2015-01-09,2015,KRICO_0086,26,run.py
2015-01-10,2015,KRICO_0086,27,run.py
2015-01-11,2015,KRICO_0086,28,run.py
2015-01-12,2015,KRICO_0086,29,run.py
2015-01-13,2015,KRICO_0086,30,run.py
2015-01-14,2015,KRICO_0086,31,run.py
2015-01-15,2015,KRICO_0087,1,run.py
2015-01-16,2015,KRICO_0087,2,run.py
2015-01-17,2015,KRICO_0087,3,run.py
2015-01-18,2015,KRICO_0087,4,run.py
2015-01-19,2015,KRICO_0087,5,run.py
2015-01-20,2015,KRICO_0087,6,run.py
2015-01-21,2015,KRICO_0087,7,run.py
2015-01-22,2015,KRICO_0087,8,run.py
2015-01-23,2015,KRICO_0087,9,run.py
2015-01-24,2015,KRICO_0087,10,run.py
2015-01-25,2015,KRICO_0087,11,run.py
2015-01-26,2015,KRICO_0087,12,run.py
2015-01-27,2015,KRICO_0087,13,run.py
2015-01-28,2015,KRICO_0087,14,run.py
2015-01-29,2015,KRICO_0087,15,run.py
2015-01-30,2015,KRICO_0087,16,run.py
2015-01-31,2015,KRICO_0087,17,run.py
2015-02-01,2015,KRICO_0087,18,run.py
2015-02-02,2015,KRICO_0087,19,run.py
2015-02-03,2015,KRICO_0087,20,run.py
2015-02-04,2015,KRICO_0087,21,run.py
2015-02-05,2015,KRICO_0087,22,run.py
2015-02-06,2015,KRICO_0087,23,run.py
2015-02-07,2015,KRICO_0087,24,run.py
2015-02-08,2015,KRICO_0087,25,run.py
2015-02-09,2015,KRICO_0087,26,run.py
2015-02-10,2015,KRICO_0087,27,run.py
2015-02-11,2015,KRICO_0087,28,run.py
2015-02-12,2015,KRICO_0087,29,run.py
2015-02-13,2015,KRICO_0087,30,run.py
2015-02-14,2015,KRICO_0087,31,run.py
2015-02-15,2015,KRICO_0088,1,run.py
2015-02-16,2015,KRICO_0088,2,run.py
2015-02-17,2015,KRICO_0088,3,run.py
2015-02-18,2015,KRICO_0088,4,run.py
2015-02-19,2015,KRICO_0088,5,run.py
2015-02-20,2015,KRICO_0088,6,run.py
2015-02-21,2015,KRICO_0088,7,run.py
2015-02-22,2015,KRICO_0088,8,run.py
2015-02-23,2015,KRICO_0088,9,run.py
2015-02-24,2015,KRICO_0088,10,run.py
2015-02-25,2015,KRICO_0088,11,run.py
2015-02-26,2015,KRICO_0088,12,run.py
2015-02-27,2015,KRICO_0088,13,run.py
2015-02-28,2015,KRICO_0088,14,run.py
2015-03-01,2015,KRICO_0088,18,run.py
2015-03-02,2015,KRICO_0088,19,run.py
2015-03-03,2015,KRICO_0088,20,run.py
2015-03-04,2015,KRICO_0088,21,run.py
2015-03-05,2015,KRICO_0088,22,run.py
2015-03-06,2015,KRICO_0088,23,run.py
2015-03-07,2015,KRICO_0088,24,run.py
2015-03-08,2015,KRICO_0088,25,run.py
2015-03-09,2015,KRICO_0088,26,run.py
2015-03-10,2015,KRICO_0088,27,run.py
2015-03-11,2015,KRICO_0088,28,run.py
2015-03-12,2015,KRICO_0088,29,run.py
2015-03-13,2015,KRICO_0088,30,run.py
2015-03-14,2015,KRICO_0088,31,run.py
2015-11-15,2016,KRICO_0089,1,run.py
2015-11-16,2016,KRICO_0089,2,run.py
2015-11-17,2016,KRICO_0089,3,run.py
2015-11-18,2016,KRICO_0089,4,run.py
2015-11-19,2016,KRICO_0089,5,run.py
2015-11-20,2016,KRICO_0089,6,run.py
2015-11-21,2016,KRICO_0089,7,run.py
2015-11-22,2016,KRICO_0089,8,run.py
2015-11-23,2016,KRICO_0089,9,run.py
2015-11-24,2016,KRICO_0089,10,run.py
2015-11-25,2016,KRICO_0089,11,run.py
2015-11-26,2016,KRICO_0089,12,run.py
2015-11-27,2016,KRICO_0089,13,run.py
2015-11-28,2016,KRICO_0089,14,run.py
2015-11-29,2016,KRICO_0089,15,run.py
2015-11-30,2016,KRICO_0089,16,run.py
2015-12-01,2016,KRICO_0089,18,run.py
2015-12-02,2016,KRICO_0089,19,run.py
2015-12-03,2016,KRICO_0089,20,run.py
2015-12-04,2016,KRICO_0089,21,run.py
2015-12-05,2016,KRICO_0089,22,run.py
2015-12-06,2016,KRICO_0089,23,run.py
2015-12-07,2016,KRICO_0089,24,run.py
2015-12-08,2016,KRICO_0089,25,run.py
2015-12-09,2016,KRICO_0089,26,run.py
2015-12-10,2016,KRICO_0089,27,run.py
2015-12-11,2016,KRICO_0089,28,run.py
2015-12-12,2016,KRICO_0089,29,run.py
2015-12-13,2016,KRICO_0089,30,run.py
2015-12-14,2016,KRICO_0089,31,run.py
2015-12-15,2016,KRICO_0090,1,run.py
2015-12-16,2016,KRICO_0090,2,run.py
2015-12-17,2016,KRICO_0090,3,run.py
2015-12-18,2016,KRICO_0090,4,run.py
2015-12-19,2016,KRICO_0090,5,run.py
2015-12-20,2016,KRICO_0090,6,run.py
2015-12-21,2016,KRICO_0090,7,run.py
2015-12-22,2016,KRICO_0090,8,run.py
2015-12-23,2016,KRICO_0090,9,run.py
2015-12-24,2016,KRICO_0090,10,run.py
2015-12-25,2016,KRICO_0090,11,run.py
2015-12-26,2016,KRICO_0090,12,run.py
2015-12-27,2016,KRICO_0090,13,run.py
2015-12-28,2016,KRICO_0090,14,run.py
2015-12-29,2016,KRICO_0090,15,run.py
2015-12-30,2016,KRICO_0090,16,run.py
2015-12-31,2016,KRICO_0090,17,run.py
2016-01-01,2016,KRICO_0090,18,run.py
2016-01-02,2016,KRICO_0090,19,run.py
2016-01-03,2016,KRICO_0090,20,run.py
2016-01-04,2016,KRICO_0090,21,run.py
2016-01-05,2016,KRICO_0090,22,run.py
2016-01-06,2016,KRICO_0090,23,run.py
2016-01-07,2016,KRICO_0090,24,run.py
2016-01-08,2016,KRICO_0090,25,run.py
2016-01-09,2016,KRICO_0090,26,run.py
2016-01-10,2016,KRICO_0090,27,run.py
2016-01-11,2016,KRICO_0090,28,run.py
2016-01-12,2016,KRICO_0090,29,run.py
2016-01-13,2016,KRICO_0090,30,run.py
2016-01-14,2016,KRICO_0090,31,run.py
2016-01-15,2016,KRICO_0091,1,run.py
2016-01-16,2016,KRICO_0091,2,run.py
2016-01-17,2016,KRICO_0091,3,run.py
2016-01-18,2016,KRICO_0091,4,run.py
2016-01-19,2016,KRICO_0091,5,run.py
2016-01-20,2016,KRICO_0091,6,run.py
2016-01-21,2016,KRICO_0091,7,run.py
2016-01-22,2016,KRICO_0091,8,run.py
2016-01-23,2016,KRICO_0091,9,run.py
2016-01-24,2016,KRICO_0091,10,run.py
2016-01-25,2016,KRICO_0091,11,run.py
2016-01-26,2016,KRICO_0091,12,run.py
2016-01-27,2016,KRICO_0091,13,run.py
2016-01-28,2016,KRICO_0091,14,run.py
2016-01-29,2016,KRICO_0091,15,run.py
2016-01-30,2016,KRICO_0091,16,run.py
2016-01-31,2016,KRICO_0091,17,run.py
2016-02-01,2016,KRICO_0091,18,run.py
2016-02-02,2016,KRICO_0091,19,run.py
2016-02-03,2016,KRICO_0091,20,run.py
2016-02-04,2016,KRICO_0091,21,run.py
2016-02-05,2016,KRICO_0091,22,run.py
2016-02-06,2016,KRICO_0091,23,run.py
2016-02-07,2016,KRICO_0091,24,run.py
2016-02-08,2016,KRICO_0091,25,run.py
2016-02-09,2016,KRICO_0091,26,run.py
2016-02-10,2016,KRICO_0091,27,run.py
2016-02-11,2016,KRICO_0091,28,run.py
2016-02-12,2016,KRICO_0091,29,run.py
2016-02-13,2016,KRICO_0091,30,run.py
2016-02-14,2016,KRICO_0091,31,run.py
2016-02-15,2016,KRICO_0092,1,run.py
2016-02-16,2016,KRICO_0092,2,run.py
2016-02-17,2016,KRICO_0092,3,run.py
2016-02-18,2016,KRICO_0092,4,run.py
2016-02-19,2016,KRICO_0092,5,run.py
2016-02-20,2016,KRICO_0092,6,run.py
2016-02-21,2016,KRICO_0092,7,run.py
2016-02-22,2016,KRICO_0092,8,run.py
2016-02-23,2016,KRICO_0092,9,run.py
2016-02-24,2016,KRICO_0092,10,run.py
2016-02-25,2016,KRICO_0092,11,run.py
2016-02-26,2016,KRICO_0092,12,run.py
2016-02-27,2016,KRICO_0092,13,run.py
2016-02-28,2016,KRICO_0092,14,run.py
2016-02-29,2016,KRICO_0092,15,run.py
2016-03-01,2016,KRICO_0092,18,run.py
2016-03-02,2016,KRICO_0092,19,run.py
2016-03-03,2016,KRICO_0092,20,run.py
2016-03-04,2016,KRICO_0092,21,run.py
2016-03-05,2016,KRICO_0092,22,run.py
2016-03-06,2016,KRICO_0092,23,run.py
2016-03-07,2016,KRICO_0092,24,run.py
2016-03-08,2016,KRICO_0092,25,run.py
2016-03-09,2016,KRICO_0092,26,run.py
2016-03-10,2016,KRICO_0092,27,run.py
2016-03-11,2016,KRICO_0092,28,run.py
2016-03-12,2016,KRICO_0092,29,run.py
2016-03-13,2016,KRICO_0092,30,run.py
2016-03-14,2016,KRICO_0092,31,run.py
2016-11-15,2017,KRICO_0093,1,run.py
2016-11-16,2017,KRICO_0093,2,run.py
2016-11-17,2017,KRICO_0093,3,run.py
2016-11-18,2017,KRICO_0093,4,run.py
2016-11-19,2017,KRICO_0093,5,run.py
2016-11-20,2017,KRICO_0093,6,run.py
2016-11-21,2017,KRICO_0093,7,run.py
2016-11-22,2017,KRICO_0093,8,run.py
2016-11-23,2017,KRICO_0093,9,run.py
2016-11-24,2017,KRICO_0093,10,run.py
2016-11-25,2017,KRICO_0093,11,run.py
2016-11-26,2017,KRICO_0093,12,run.py
2016-11-27,2017,KRICO_0093,13,run.py
2016-11-28,2017,KRICO_0093,14,run.py
2016-11-29,2017,KRICO_0093,15,run.py
2016-11-30,2017,KRICO_0093,16,run.py
2016-12-01,2017,KRICO_0093,18,run.py
2016-12-02,2017,KRICO_0093,19,run.py
2016-12-03,2017,KRICO_0093,20,run.py
2016-12-04,2017,KRICO_0093,21,run.py
2016-12-05,2017,KRICO_0093,22,run.py
2016-12-06,2017,KRICO_0093,23,run.py
2016-12-07,2017,KRICO_0093,24,run.py
2016-12-08,2017,KRICO_0093,25,run.py
2016-12-09,2017,KRICO_0093,26,run.py
2016-12-10,2017,KRICO_0093,27,run.py
2016-12-11,2017,KRICO_0093,28,run.py
2016-12-12,2017,KRICO_0093,29,run.py
2016-12-13,2017,KRICO_0093,30,run.py
2016-12-14,2017,KRICO_0093,31,run.py
2016-12-15,2017,KRICO_0094,1,run.py
2016-12-16,2017,KRICO_0094,2,run.py
2016-12-17,2017,KRICO_0094,3,run.py
2016-12-18,2017,KRICO_0094,4,run.py
2016-12-19,2017,KRICO_0094,5,run.py
2016-12-20,2017,KRICO_0094,6,run.py
2016-12-21,2017,KRICO_0094,7,run.py
2016-12-22,2017,KRICO_0094,8,run.py
2016-12-23,2017,KRICO_0094,9,run.py
2016-12-24,2017,KRICO_0094,10,run.py
2016-12-25,2017,KRICO_0094,11,run.py
2016-12-26,2017,KRICO_0094,12,run.py
2016-12-27,2017,KRICO_0094,13,run.py
2016-12-28,2017,KRICO_0094,14,run.py
2016-12-29,2017,KRICO_0094,15,run.py
2016-12-30,2017,KRICO_0094,16,run.py
2016-12-31,2017,KRICO_0094,17,run.py
2017-01-01,2017,KRICO_0094,18,run.py
2017-01-02,2017,KRICO_0094,19,run.py
2017-01-03,2017,KRICO_0094,20,run.py
2017-01-04,2017,KRICO_0094,21,run.py
2017-01-05,2017,KRICO_0094,22,run.py
2017-01-06,2017,KRICO_0094,23,run.py
2017-01-07,2017,KRICO_0094,24,run.py
2017-01-08,2017,KRICO_0094,25,run.py
2017-01-09,2017,KRICO_0094,26,run.py
2017-01-10,2017,KRICO_0094,27,run.py
2017-01-11,2017,KRICO_0094,28,run.py
2017-01-12,2017,KRICO_0094,29,run.py
2017-01-13,2017,KRICO_0094,30,run.py
2017-01-14,2017,KRICO_0094,31,run.py
2017-01-15,2017,KRICO_0095,1,run.py
2017-01-16,2017,KRICO_0095,2,run.py
2017-01-17,2017,KRICO_0095,3,run.py
2017-01-18,2017,KRICO_0095,4,run.py
2017-01-19,2017,KRICO_0095,5,run.py
2017-01-20,2017,KRICO_0095,6,run.py
2017-01-21,2017,KRICO_0095,7,run.py
2017-01-22,2017,KRICO_0095,8,run.py
2017-01-23,2017,KRICO_0095,9,run.py
2017-01-24,2017,KRICO_0095,10,run.py
2017-01-25,2017,KRICO_0095,11,run.py
2017-01-26,2017,KRICO_0095,12,run.py
2017-01-27,2017,KRICO_0095,13,run.py
2017-01-28,2017,KRICO_0095,14,run.py
2017-01-29,2017,KRICO_0095,15,run.py
2017-01-30,2017,KRICO_0095,16,run.py
2017-01-31,2017,KRICO_0095,17,run.py
2017-02-01,2017,KRICO_0095,18,run.py
2017-02-02,2017,KRICO_0095,19,run.py
2017-02-03,2017,KRICO_0095,20,run.py
2017-02-04,2017,KRICO_0095,21,run.py
2017-02-05,2017,KRICO_0095,22,run.py
2017-02-06,2017,KRICO_0095,23,run.py
2017-02-07,2017,KRICO_0095,24,run.py
2017-02-08,2017,KRICO_0095,25,run.py
2017-02-09,2017,KRICO_0095,26,run.py
2017-02-10,2017,KRICO_0095,27,run.py
2017-02-11,2017,KRICO_0095,28,run.py
2017-02-12,2017,KRICO_0095,29,run.py
2017-02-13,2017,KRICO_0095,30,run.py
2017-02-14,2017,KRICO_0095,31,run.py
2017-02-15,2017,KRICO_0096,1,run.py
2017-02-16,2017,KRICO_0096,2,run.py
2017-02-17,2017,KRICO_0096,3,run.py
2017-02-18,2017,KRICO_0096,4,run.py
2017-02-19,2017,KRICO_0096,5,run.py
2017-02-20,2017,KRICO_0096,6,run.py
2017-02-21,2017,KRICO_0096,7,run.py
2017-02-22,2017,KRICO_0096,8,run.py
2017-02-23,2017,KRICO_0096,9,run.py
2017-02-24,2017,KRICO_0096,10,run.py
2017-02-25,2017,KRICO_0096,11,run.py
2017-02-26,2017,KRICO_0096,12,run.py
2017-02-27,2017,KRICO_0096,13,run.py
2017-02-28,2017,KRICO_0096,14,run.py
2017-03-01,2017,KRICO_0096,18,run.py
2017-03-02,2017,KRICO_0096,19,run.py
2017-03-03,2017,KRICO_0096,20,run.py
2017-03-04,2017,KRICO_0096,21,run.py
2017-03-05,2017,KRICO_0096,22,run.py
2017-03-06,2017,KRICO_0096,23,run.py
2017-03-07,2017,KRICO_0096,24,run.py
2017-03-08,2017,KRICO_0096,25,run.py
2017-03-09,2017,KRICO_0096,26,run.py
2017-03-10,2017,KRICO_0096,27,run.py
2017-03-11,2017,KRICO_0096,28,run.py
2017-03-12,2017,KRICO_0096,29,run.py
2017-03-13,2017,KRICO_0096,30,run.py
2017-03-14,2017,KRICO_0096,31,run.py
2017-11-15,2018,KRICO_0097,1,run.py
2017-11-16,2018,KRICO_0097,2,run.py
2017-11-17,2018,KRICO_0097,3,run.py
2017-11-18,2018,KRICO_0097,4,run.py
2017-11-19,2018,KRICO_0097,5,run.py
2017-11-20,2018,KRICO_0097,6,run.py
2017-11-21,2018,KRICO_0097,7,run.py
2017-11-22,2018,KRICO_0097,8,run.py
2017-11-23,2018,KRICO_0097,9,run.py
2017-11-24,2018,KRICO_0097,10,run.py
2017-11-25,2018,KRICO_0097,11,run.py
2017-11-26,2018,KRICO_0097,12,run.py
2017-11-27,2018,KRICO_0097,13,run.py
2017-11-28,2018,KRICO_0097,14,run.py
2017-11-29,2018,KRICO_0097,15,run.py
2017-11-30,2018,KRICO_0097,16,run.py
2017-12-01,2018,KRICO_0097,18,run.py
2017-12-02,2018,KRICO_0097,19,run.py
2017-12-03,2018,KRICO_0097,20,run.py
2017-12-04,2018,KRICO_0097,21,run.py
2017-12-05,2018,KRICO_0097,22,run.py
2017-12-06,2018,KRICO_0097,23,run.py
2017-12-07,2018,KRICO_0097,24,run.py
2017-12-08,2018,KRICO_0097,25,run.py
2017-12-09,2018,KRICO_0097,26,run.py
2017-12-10,2018,KRICO_0097,27,run.py
2017-12-11,2018,KRICO_0097,28,run.py
2017-12-12,2018,KRICO_0097,29,run.py
2017-12-13,2018,KRICO_0097,30,run.py
2017-12-14,2018,KRICO_0097,31,run.py
2017-12-15,2018,KRICO_0098,1,run.py
2017-12-16,2018,KRICO_0098,2,run.py
2017-12-17,2018,KRICO_0098,3,run.py
2017-12-18,2018,KRICO_0098,4,run.py
2017-12-19,2018,KRICO_0098,5,run.py
2017-12-20,2018,KRICO_0098,6,run.py
2017-12-21,2018,KRICO_0098,7,run.py
2017-12-22,2018,KRICO_0098,8,run.py
2017-12-23,2018,KRICO_0098,9,run.py
2017-12-24,2018,KRICO_0098,10,run.py
2017-12-25,2018,KRICO_0098,11,run.py
2017-12-26,2018,KRICO_0098,12,run.py
2017-12-27,2018,KRICO_0098,13,run.py
2017-12-28,2018,KRICO_0098,14,run.py
2017-12-29,2018,KRICO_0098,15,run.py
2017-12-30,2018,KRICO_0098,16,run.py
2017-12-31,2018,KRICO_0098,17,run.py
2018-01-01,2018,KRICO_0098,18,run.py
2018-01-02,2018,KRICO_0098,19,run.py
2018-01-03,2018,KRICO_0098,20,run.py
2018-01-04,2018,KRICO_0098,21,run.py
2018-01-05,2018,KRICO_0098,22,run.py
2018-01-06,2018,KRICO_0098,23,run.py
2018-01-07,2018,KRICO_0098,24,run.py
2018-01-08,2018,KRICO_0098,25,run.py
2018-01-09,2018,KRICO_0098,26,run.py
2018-01-10,2018,KRICO_0098,27,run.py
2018-01-11,2018,KRICO_0098,28,run.py
2018-01-12,2018,KRICO_0098,29,run.py
2018-01-13,2018,KRICO_0098,30,run.py
2018-01-14,2018,KRICO_0098,31,run.py
2018-01-15,2018,KRICO_0099,1,run.py
2018-01-16,2018,KRICO_0099,2,run.py
2018-01-17,2018,KRICO_0099,3,run.py
2018-01-18,2018,KRICO_0099,4,run.py
2018-01-19,2018,KRICO_0099,5,run.py
2018-01-20,2018,KRICO_0099,6,run.py
2018-01-21,2018,KRICO_0099,7,run.py
2018-01-22,2018,KRICO_0099,8,run.py
2018-01-23,2018,KRICO_0099,9,run.py
2018-01-24,2018,KRICO_0099,10,run.py
2018-01-25,2018,KRICO_0099,11,run.py
2018-01-26,2018,KRICO_0099,12,run.py
2018-01-27,2018,KRICO_0099,13,run.py
2018-01-28,2018,KRICO_0099,14,run.py
2018-01-29,2018,KRICO_0099,15,run.py
2018-01-30,2018,KRICO_0099,16,run.py
2018-01-31,2018,KRICO_0099,17,run.py
2018-02-01,2018,KRICO_0099,18,run.py
2018-02-02,2018,KRICO_0099,19,run.py
2018-02-03,2018,KRICO_0099,20,run.py
2018-02-04,2018,KRICO_0099,21,run.py
2018-02-05,2018,KRICO_0099,22,run.py
2018-02-06,2018,KRICO_0099,23,run.py
2018-02-07,2018,KRICO_0099,24,run.py
2018-02-08,2018,KRICO_0099,25,run.py
2018-02-09,2018,KRICO_0099,26,run.py
2018-02-10,2018,KRICO_0099,27,run.py
2018-02-11,2018,KRICO_0099,28,run.py
2018-02-12,2018,KRICO_0099,29,run.py
2018-02-13,2018,KRICO_0099,30,run.py
2018-02-14,2018,KRICO_0099,31,run.py
2018-02-15,2018,KRICO_0100,1,run.py
2018-02-16,2018,KRICO_0100,2,run.py
2018-02-17,2018,KRICO_0100,3,run.py
2018-02-18,2018,KRICO_0100,4,run.py
2018-02-19,2018,KRICO_0100,5,run.py
2018-02-20,2018,KRICO_0100,6,run.py
2018-02-21,2018,KRICO_0100,7,run.py
2018-02-22,2018,KRICO_0100,8,run.py
2018-02-23,2018,KRICO_0100,9,run.py
2018-02-24,2018,KRICO_0100,10,run.py
2018-02-25,2018,KRICO_0100,11,run.py
2018-02-26,2018,KRICO_0100,12,run.py
2018-02-27,2018,KRICO_0100,13,run.py
2018-02-28,2018,KRICO_0100,14,run.py
2018-03-01,2018,KRICO_0100,18,run.py
2018-03-02,2018,KRICO_0100,19,run.py
2018-03-03,2018,KRICO_0100,20,run.py
2018-03-04,2018,KRICO_0100,21,run.py
2018-03-05,2018,KRICO_0100,22,run.py
2018-03-06,2018,KRICO_0100,23,run.py
2018-03-07,2018,KRICO_0100,24,run.py
2018-03-08,2018,KRICO_0100,25,run.py
2018-03-09,2018,KRICO_0100,26,run.py
2018-03-10,2018,KRICO_0100,27,run.py
2018-03-11,2018,KRICO_0100,28,run.py
2018-03-12,2018,KRICO_0100,29,run.py
2018-03-13,2018,KRICO_0100,30,run.py
2018-03-14,2018,KRICO_0100,31,run.py
2018-11-15,2019,KRICO_0101,1,run.py
2018-11-16,2019,KRICO_0101,2,run.py
2018-11-17,2019,KRICO_0101,3,run.py
2018-11-18,2019,KRICO_0101,4,run.py
2018-11-19,2019,KRICO_0101,5,run.py
2018-11-20,2019,KRICO_0101,6,run.py
2018-11-21,2019,KRICO_0101,7,run.py
2018-11-22,2019,KRICO_0101,8,run.py
2018-11-23,2019,KRICO_0101,9,run.py
2018-11-24,2019,KRICO_0101,10,run.py
2018-11-25,2019,KRICO_0101,11,run.py
2018-11-26,2019,KRICO_0101,12,run.py
2018-11-27,2019,KRICO_0101,13,run.py
2018-11-28,2019,KRICO_0101,14,run.py
2018-11-29,2019,KRICO_0101,15,run.py
2018-11-30,2019,KRICO_0101,16,run.py
2018-12-01,2019,KRICO_0101,18,run.py
2018-12-02,2019,KRICO_0101,19,run.py
2018-12-03,2019,KRICO_0101,20,run.py
2018-12-04,2019,KRICO_0101,21,run.py
2018-12-05,2019,KRICO_0101,22,run.py
2018-12-06,2019,KRICO_0101,23,run.py
2018-12-07,2019,KRICO_0101,24,run.py
2018-12-08,2019,KRICO_0101,25,run.py
2018-12-09,2019,KRICO_0101,26,run.py
2018-12-10,2019,KRICO_0101,27,run.py
2018-12-11,2019,KRICO_0101,28,run.py
2018-12-12,2019,KRICO_0101,29,run.py
2018-12-13,2019,KRICO_0101,30,run.py
2018-12-14,2019,KRICO_0101,31,run.py
2018-12-15,2019,KRICO_0102,1,run.py
2018-12-16,2019,KRICO_0102,2,run.py
2018-12-17,2019,KRICO_0102,3,run.py
2018-12-18,2019,KRICO_0102,4,run.py
2018-12-19,2019,KRICO_0102,5,run.py
2018-12-20,2019,KRICO_0102,6,run.py
2018-12-21,2019,KRICO_0102,7,run.py
2018-12-22,2019,KRICO_0102,8,run.py
2018-12-23,2019,KRICO_0102,9,run.py
2018-12-24,2019,KRICO_0102,10,run.py
2018-12-25,2019,KRICO_0102,11,run.py
2018-12-26,2019,KRICO_0102,12,run.py
2018-12-27,2019,KRICO_0102,13,run.py
2018-12-28,2019,KRICO_0102,14,run.py
2018-12-29,2019,KRICO_0102,15,run.py
2018-12-30,2019,KRICO_0102,16,run.py
2018-12-31,2019,KRICO_0102,17,run.py
2019-01-01,2019,KRICO_0102,18,run.py
2019-01-02,2019,KRICO_0102,19,run.py
2019-01-03,2019,KRICO_0102,20,run.py
2019-01-04,2019,KRICO_0102,21,run.py
2019-01-05,2019,KRICO_0102,22,run.py
2019-01-06,2019,KRICO_0102,23,run.py
2019-01-07,2019,KRICO_0102,24,run.py
2019-01-08,2019,KRICO_0102,25,run.py
2019-01-09,2019,KRICO_0102,26,run.py
2019-01-10,2019,KRICO_0102,27,run.py
2019-01-11,2019,KRICO_0102,28,run.py
2019-01-12,2019,KRICO_0102,29,run.py
2019-01-13,2019,KRICO_0102,30,run.py
2019-01-14,2019,KRICO_0102,31,run.py
2019-01-15,2019,KRICO_0103,1,run.py
2019-01-16,2019,KRICO_0103,2,run.py
2019-01-17,2019,KRICO_0103,3,run.py
2019-01-18,2019,KRICO_0103,4,run.py
2019-01-19,2019,KRICO_0103,5,run.py
2019-01-20,2019,KRICO_0103,6,run.py
2019-01-21,2019,KRICO_0103,7,run.py
2019-01-22,2019,KRICO_0103,8,run.py
2019-01-23,2019,KRICO_0103,9,run.py
2019-01-24,2019,KRICO_0103,10,run.py
2019-01-25,2019,KRICO_0103,11,run.py
2019-01-26,2019,KRICO_0103,12,run.py
2019-01-27,2019,KRICO_0103,13,run.py
2019-01-28,2019,KRICO_0103,14,run.py
2019-01-29,2019,KRICO_0103,15,run.py
2019-01-30,2019,KRICO_0103,16,run.py
2019-01-31,2019,KRICO_0103,17,run.py
2019-02-01,2019,KRICO_0103,18,run.py
2019-02-02,2019,KRICO_0103,19,run.py
2019-02-03,2019,KRICO_0103,20,run.py
2019-02-04,2019,KRICO_0103,21,run.py
2019-02-05,2019,KRICO_0103,22,run.py
2019-02-06,2019,KRICO_0103,23,run.py
2019-02-07,2019,KRICO_0103,24,run.py
2019-02-08,2019,KRICO_0103,25,run.py
2019-02-09,2019,KRICO_0103,26,run.py
2019-02-10,2019,KRICO_0103,27,run.py
2019-02-11,2019,KRICO_0103,28,run.py
2019-02-12,2019,KRICO_0103,29,run.py
2019-02-13,2019,KRICO_0103,30,run.py
2019-02-14,2019,KRICO_0103,31,run_bis.py
2019-02-15,2019,KRICO_0104,1,run.py
2019-02-16,2019,KRICO_0104,2,run.py
2019-02-17,2019,KRICO_0104,3,run.py
2019-02-18,2019,KRICO_0104,4,run.py
2019-02-19,2019,KRICO_0104,5,run.py
2019-02-20,2019,KRICO_0104,6,run.py
2019-02-21,2019,KRICO_0104,7,run.py
2019-02-22,2019,KRICO_0104,8,run.py
2019-02-23,2019,KRICO_0104,9,run.py
2019-02-24,2019,KRICO_0104,10,run.py
2019-02-25,2019,KRICO_0104,11,run.py
2019-02-26,2019,KRICO_0104,12,run.py
2019-02-27,2019,KRICO_0104,13,run.py
2019-02-28,2019,KRICO_0104,14,run.py
2019-03-01,2019,KRICO_0104,18,run.py
2019-03-02,2019,KRICO_0104,19,run.py
2019-03-03,2019,KRICO_0104,20,run.py
2019-03-04,2019,KRICO_0104,21,run.py
2019-03-05,2019,KRICO_0104,22,run.py
2019-03-06,2019,KRICO_0104,23,run.py
2019-03-07,2019,KRICO_0104,24,run.py
2019-03-08,2019,KRICO_0104,25,run.py
2019-03-09,2019,KRICO_0104,26,run.py
2019-03-10,2019,KRICO_0104,27,run.py
2019-03-11,2019,KRICO_0104,28,run.py
2019-03-12,2019,KRICO_0104,29,run.py
2019-03-13,2019,KRICO_0104,30,run.py
2019-03-14,2019,KRICO_0104,31,run.py
2019-11-15,2020,KRICO_0105,1,run.py
2019-11-16,2020,KRICO_0105,2,run.py
2019-11-17,2020,KRICO_0105,3,run.py
2019-11-18,2020,KRICO_0105,4,run.py
2019-11-19,2020,KRICO_0105,5,run.py
2019-11-20,2020,KRICO_0105,6,run.py
2019-11-21,2020,KRICO_0105,7,run.py
2019-11-22,2020,KRICO_0105,8,run.py
2019-11-23,2020,KRICO_0105,9,run.py
2019-11-24,2020,KRICO_0105,10,run.py
2019-11-25,2020,KRICO_0105,11,run.py
2019-11-26,2020,KRICO_0105,12,run.py
2019-11-27,2020,KRICO_0105,13,run.py
2019-11-28,2020,KRICO_0105,14,run.py
2019-11-29,2020,KRICO_0105,15,run.py
2019-11-30,2020,KRICO_0105,16,run.py
2019-12-01,2020,KRICO_0105,18,run.py
2019-12-02,2020,KRICO_0105,19,run.py
2019-12-03,2020,KRICO_0105,20,run.py
2019-12-04,2020,KRICO_0105,21,run.py
2019-12-05,2020,KRICO_0105,22,run.py
2019-12-06,2020,KRICO_0105,23,run.py
2019-12-07,2020,KRICO_0105,24,run.py
2019-12-08,2020,KRICO_0105,25,run.py
2019-12-09,2020,KRICO_0105,26,run.py
2019-12-10,2020,KRICO_0105,27,run.py
2019-12-11,2020,KRICO_0105,28,run.py
2019-12-12,2020,KRICO_0105,29,run.py
2019-12-13,2020,KRICO_0105,30,run.py
2019-12-14,2020,KRICO_0105,31,run.py
2019-12-15,2020,KRICO_0106,1,run.py
2019-12-16,2020,KRICO_0106,2,run.py
2019-12-17,2020,KRICO_0106,3,run.py
2019-12-18,2020,KRICO_0106,4,run.py
2019-12-19,2020,KRICO_0106,5,run.py
2019-12-20,2020,KRICO_0106,6,run.py
2019-12-21,2020,KRICO_0106,7,run.py
2019-12-22,2020,KRICO_0106,8,run.py
2019-12-23,2020,KRICO_0106,9,run.py
2019-12-24,2020,KRICO_0106,10,run.py
2019-12-25,2020,KRICO_0106,11,run.py
2019-12-26,2020,KRICO_0106,12,run.py
2019-12-27,2020,KRICO_0106,13,run.py
2019-12-28,2020,KRICO_0106,14,run.py
2019-12-29,2020,KRICO_0106,15,run.py
2019-12-30,2020,KRICO_0106,16,run.py
2019-12-31,2020,KRICO_0106,17,run.py
2020-01-01,2020,KRICO_0106,18,run.py
2020-01-02,2020,KRICO_0106,19,run.py
2020-01-03,2020,KRICO_0106,20,run.py
2020-01-04,2020,KRICO_0106,21,run.py
2020-01-05,2020,KRICO_0106,22,run.py
2020-01-06,2020,KRICO_0106,23,run.py
2020-01-07,2020,KRICO_0106,24,run.py
2020-01-08,2020,KRICO_0106,25,run.py
2020-01-09,2020,KRICO_0106,26,run.py
2020-01-10,2020,KRICO_0106,27,run.py
2020-01-11,2020,KRICO_0106,28,run_bis.py
2020-01-12,2020,KRICO_0106,29,run_bis.py
2020-01-13,2020,KRICO_0106,30,run_bis.py
2020-01-14,2020,KRICO_0106,31,run_bis.py
2020-01-15,2020,KRICO_0107,1,run.py
2020-01-16,2020,KRICO_0107,2,run_ter.py
2020-01-17,2020,KRICO_0107,3,run_ter.py
2020-01-18,2020,KRICO_0107,4,run_ter.py
2020-01-19,2020,KRICO_0107,5,run_ter.py
2020-01-20,2020,KRICO_0107,6,run_ter.py
2020-01-21,2020,KRICO_0107,7,run_ter.py
2020-01-22,2020,KRICO_0107,8,run_ter.py
2020-01-23,2020,KRICO_0107,9,run_ter.py
2020-01-24,2020,KRICO_0107,10,run_ter.py
2020-01-25,2020,KRICO_0107,11,run_ter.py
2020-01-26,2020,KRICO_0107,12,run_ter.py
2020-01-27,2020,KRICO_0107,13,run_ter.py
2020-01-28,2020,KRICO_0107,14,run_ter.py
2020-01-29,2020,KRICO_0107,15,run_ter.py
2020-01-30,2020,KRICO_0107,16,run_ter.py
2020-01-31,2020,KRICO_0107,17,run_ter.py
2020-02-01,2020,KRICO_0107,18,run_ter.py
2020-02-02,2020,KRICO_0107,19,run_ter.py
2020-02-03,2020,KRICO_0107,20,run_ter.py
2020-02-04,2020,KRICO_0107,21,run_ter.py
2020-02-05,2020,KRICO_0107,22,run_ter.py
2020-02-06,2020,KRICO_0107,23,run_ter.py
2020-02-07,2020,KRICO_0107,24,run_ter.py
2020-02-08,2020,KRICO_0107,25,run_ter.py
2020-02-09,2020,KRICO_0107,26,run_ter.py
2020-02-10,2020,KRICO_0107,27,run_ter.py
2020-02-11,2020,KRICO_0107,28,run_ter.py
2020-02-12,2020,KRICO_0107,29,run_ter.py
2020-02-13,2020,KRICO_0107,30,run_ter.py
2020-02-14,2020,KRICO_0107,31,run_ter.py
2020-02-15,2020,KRICO_0108,1,run_ter.py
2020-02-16,2020,KRICO_0108,2,run_ter.py
2020-02-17,2020,KRICO_0108,3,run_ter.py
2020-02-18,2020,KRICO_0108,4,run_ter.py
2020-02-19,2020,KRICO_0108,5,run_ter.py
2020-02-20,2020,KRICO_0108,6,run_ter.py
2020-02-21,2020,KRICO_0108,7,run_ter.py
2020-02-22,2020,KRICO_0108,8,run_ter.py
2020-02-23,2020,KRICO_0108,9,run_ter.py
2020-02-24,2020,KRICO_0108,10,run_ter.py
2020-02-25,2020,KRICO_0108,11,run_ter.py
2020-02-26,2020,KRICO_0108,12,run_ter.py
2020-02-27,2020,KRICO_0108,13,run_ter.py
2020-02-28,2020,KRICO_0108,14,run_ter.py
2020-02-29,2020,KRICO_0108,15,run_ter.py
2020-03-01,2020,KRICO_0108,18,run_ter.py
2020-03-02,2020,KRICO_0108,19,run_ter.py
2020-03-03,2020,KRICO_0108,20,run_ter.py
2020-03-04,2020,KRICO_0108,21,run_ter.py
2020-03-05,2020,KRICO_0108,22,run_ter.py
2020-03-06,2020,KRICO_0108,23,run_ter.py
2020-03-07,2020,KRICO_0108,24,run_ter.py
2020-03-08,2020,KRICO_0108,25,run_ter.py
2020-03-09,2020,KRICO_0108,26,run_ter.py
2020-03-10,2020,KRICO_0108,27,run_ter.py
2020-03-11,2020,KRICO_0108,28,run_ter.py
2020-03-12,2020,KRICO_0108,29,run_ter.py
2020-03-13,2020,KRICO_0108,30,run_ter.py
2020-03-14,2020,KRICO_0108,31,run_ter.py
2020-11-15,2021,KRICO_0109,1,run.py
2020-11-16,2021,KRICO_0109,2,run.py
2020-11-17,2021,KRICO_0109,3,run.py
2020-11-18,2021,KRICO_0109,4,run.py
2020-11-19,2021,KRICO_0109,5,run.py
2020-11-20,2021,KRICO_0109,6,run.py
2020-11-21,2021,KRICO_0109,7,run.py
2020-11-22,2021,KRICO_0109,8,run.py
2020-11-23,2021,KRICO_0109,9,run.py
2020-11-24,2021,KRICO_0109,10,run.py
2020-11-25,2021,KRICO_0109,11,run.py
2020-11-26,2021,KRICO_0109,12,run_bis.py
2020-11-27,2021,KRICO_0109,13,run.py
2020-11-28,2021,KRICO_0109,14,run.py
2020-11-29,2021,KRICO_0109,15,run.py
2020-11-30,2021,KRICO_0109,16,run.py
2020-12-01,2021,KRICO_0109,18,run.py
2020-12-02,2021,KRICO_0109,19,run.py
2020-12-03,2021,KRICO_0109,20,run.py
2020-12-04,2021,KRICO_0109,21,run.py
2020-12-05,2021,KRICO_0109,22,run.py
2020-12-06,2021,KRICO_0109,23,run.py
2020-12-07,2021,KRICO_0109,24,run.py
2020-12-08,2021,KRICO_0109,25,run.py
2020-12-09,2021,KRICO_0109,26,run.py
2020-12-10,2021,KRICO_0109,27,run.py
2020-12-11,2021,KRICO_0109,28,run.py
2020-12-12,2021,KRICO_0109,29,run.py
2020-12-13,2021,KRICO_0109,30,run.py
2020-12-14,2021,KRICO_0109,31,run.py
2020-12-15,2021,KRICO_0110,1,run.py
2020-12-16,2021,KRICO_0110,2,run.py
2020-12-17,2021,KRICO_0110,3,run.py
2020-12-18,2021,KRICO_0110,4,run.py
2020-12-19,2021,KRICO_0110,5,run.py
2020-12-20,2021,KRICO_0110,6,run.py
2020-12-21,2021,KRICO_0110,7,run.py
2020-12-22,2021,KRICO_0110,8,run.py
2020-12-23,2021,KRICO_0110,9,run.py
2020-12-24,2021,KRICO_0110,10,run.py
2020-12-25,2021,KRICO_0110,11,run.py
2020-12-26,2021,KRICO_0110,12,run.py
2020-12-27,2021,KRICO_0110,13,run.py
2020-12-28,2021,KRICO_0110,14,run.py
2020-12-29,2021,KRICO_0110,15,run.py
2020-12-30,2021,KRICO_0110,16,run.py
2020-12-31,2021,KRICO_0110,17,run.py
2021-01-01,2021,KRICO_0110,18,run.py
2021-01-02,2021,KRICO_0110,19,run.py
2021-01-03,2021,KRICO_0110,20,run.py
2021-01-04,2021,KRICO_0110,21,run.py
2021-01-05,2021,KRICO_0110,22,run.py
2021-01-06,2021,KRICO_0110,23,run.py
2021-01-07,2021,KRICO_0110,24,run.py
2021-01-08,2021,KRICO_0110,25,run_bis.py
2021-01-09,2021,KRICO_0110,26,run.py
2021-01-10,2021,KRICO_0110,27,run.py
2021-01-11,2021,KRICO_0110,28,run.py
2021-01-12,2021,KRICO_0110,29,run.py
2021-01-13,2021,KRICO_0110,30,run.py
2021-01-14,2021,KRICO_0110,31,run.py
2021-01-15,2021,KRICO_0111,1,run.py
2021-01-16,2021,KRICO_0111,2,run.py
2021-01-17,2021,KRICO_0111,3,run.py
2021-01-18,2021,KRICO_0111,4,run.py
2021-01-19,2021,KRICO_0111,5,run.py
2021-01-20,2021,KRICO_0111,6,run.py
2021-01-21,2021,KRICO_0111,7,run.py
2021-01-22,2021,KRICO_0111,8,run.py
2021-01-23,2021,KRICO_0111,9,run.py
2021-01-24,2021,KRICO_0111,10,run.py
2021-01-25,2021,KRICO_0111,11,run.py
2021-01-26,2021,KRICO_0111,12,run.py
2021-01-27,2021,KRICO_0111,13,run.py
2021-01-28,2021,KRICO_0111,14,run.py
2021-01-29,2021,KRICO_0111,15,run.py
2021-01-30,2021,KRICO_0111,16,run.py
2021-01-31,2021,KRICO_0111,17,run.py
2021-02-01,2021,KRICO_0111,18,run.py
2021-02-02,2021,KRICO_0111,19,run.py
2021-02-03,2021,KRICO_0111,20,run.py
2021-02-04,2021,KRICO_0111,21,run.py
2021-02-05,2021,KRICO_0111,22,run.py
2021-02-06,2021,KRICO_0111,23,run.py
2021-02-07,2021,KRICO_0111,24,run.py
2021-02-08,2021,KRICO_0111,25,run.py
2021-02-09,2021,KRICO_0111,26,run.py
2021-02-10,2021,KRICO_0111,27,run.py
2021-02-11,2021,KRICO_0111,28,run.py
2021-02-12,2021,KRICO_0111,29,run.py
2021-02-13,2021,KRICO_0111,30,run.py
2021-02-14,2021,KRICO_0111,31,run.py
2021-02-15,2021,KRICO_0112,1,run.py
2021-02-16,2021,KRICO_0112,2,run.py
2021-02-17,2021,KRICO_0112,3,run.py
2021-02-18,2021,KRICO_0112,4,run.py
2021-02-19,2021,KRICO_0112,5,run.py
2021-02-20,2021,KRICO_0112,6,run.py
2021-02-21,2021,KRICO_0112,7,run.py
2021-02-22,2021,KRICO_0112,8,run.py
2021-02-23,2021,KRICO_0112,9,run.py
2021-02-24,2021,KRICO_0112,10,run.py
2021-02-25,2021,KRICO_0112,11,run.py
2021-02-26,2021,KRICO_0112,12,run.py
2021-02-27,2021,KRICO_0112,13,run.py
2021-02-28,2021,KRICO_0112,14,run.py
2021-03-01,2021,KRICO_0112,18,run.py
2021-03-02,2021,KRICO_0112,19,run.py
2021-03-03,2021,KRICO_0112,20,run.py
2021-03-04,2021,KRICO_0112,21,run.py
2021-03-05,2021,KRICO_0112,22,run.py
2021-03-06,2021,KRICO_0112,23,run.py
2021-03-07,2021,KRICO_0112,24,run.py
2021-03-08,2021,KRICO_0112,25,run.py
2021-03-09,2021,KRICO_0112,26,run.py
2021-03-10,2021,KRICO_0112,27,run.py
2021-03-11,2021,KRICO_0112,28,run.py
2021-03-12,2021,KRICO_0112,29,run.py
2021-03-13,2021,KRICO_0112,30,run.py
2021-03-14,2021,KRICO_0112,31,run.py
2021-11-15,2022,KRICO_0113,1,run.py
2021-11-16,2022,KRICO_0113,2,run.py
2021-11-17,2022,KRICO_0113,3,run.py
2021-11-18,2022,KRICO_0113,4,run.py
2021-11-19,2022,KRICO_0113,5,run.py
2021-11-20,2022,KRICO_0113,6,run.py
2021-11-21,2022,KRICO_0113,7,run.py
2021-11-22,2022,KRICO_0113,8,run.py
2021-11-23,2022,KRICO_0113,9,run.py
2021-11-24,2022,KRICO_0113,10,run.py
2021-11-25,2022,KRICO_0113,11,run.py
2021-11-26,2022,KRICO_0113,12,run.py
2021-11-27,2022,KRICO_0113,13,run.py
2021-11-28,2022,KRICO_0113,14,run.py
2021-11-29,2022,KRICO_0113,15,run.py
2021-11-30,2022,KRICO_0113,16,run.py
2021-12-01,2022,KRICO_0113,18,run.py
2021-12-02,2022,KRICO_0113,19,run.py
2021-12-03,2022,KRICO_0113,20,run.py
2021-12-04,2022,KRICO_0113,21,run.py
2021-12-05,2022,KRICO_0113,22,run.py
2021-12-06,2022,KRICO_0113,23,run.py
2021-12-07,2022,KRICO_0113,24,run.py
2021-12-08,2022,KRICO_0113,25,run.py
2021-12-09,2022,KRICO_0113,26,run.py
2021-12-10,2022,KRICO_0113,27,run.py
2021-12-11,2022,KRICO_0113,28,run.py
2021-12-12,2022,KRICO_0113,29,run.py
2021-12-13,2022,KRICO_0113,30,run.py
2021-12-14,2022,KRICO_0113,31,run.py
2021-12-15,2022,KRICO_0114,1,run.py
2021-12-16,2022,KRICO_0114,2,run.py
2021-12-17,2022,KRICO_0114,3,run.py
2021-12-18,2022,KRICO_0114,4,run.py
2021-12-19,2022,KRICO_0114,5,run.py
2021-12-20,2022,KRICO_0114,6,run.py
2021-12-21,2022,KRICO_0114,7,run.py
2021-12-22,2022,KRICO_0114,8,run.py
2021-12-23,2022,KRICO_0114,9,run.py
2021-12-24,2022,KRICO_0114,10,run.py
2021-12-25,2022,KRICO_0114,11,run.py
2021-12-26,2022,KRICO_0114,12,run.py
2021-12-27,2022,KRICO_0114,13,run.py
2021-12-28,2022,KRICO_0114,14,run.py
2021-12-29,2022,KRICO_0114,15,run.py
2021-12-30,2022,KRICO_0114,16,run.py
2021-12-31,2022,KRICO_0114,17,run.py
2022-01-01,2022,KRICO_0114,18,run.py
2022-01-02,2022,KRICO_0114,19,run.py
2022-01-03,2022,KRICO_0114,20,run.py
2022-01-04,2022,KRICO_0114,21,run.py
2022-01-05,2022,KRICO_0114,22,run.py
2022-01-06,2022,KRICO_0114,23,run.py
2022-01-07,2022,KRICO_0114,24,run.py
2022-01-08,2022,KRICO_0114,25,run.py
2022-01-09,2022,KRICO_0114,26,run.py
2022-01-10,2022,KRICO_0114,27,run.py
2022-01-11,2022,KRICO_0114,28,run.py
2022-01-12,2022,KRICO_0114,29,run.py
2022-01-13,2022,KRICO_0114,30,run.py
2022-01-14,2022,KRICO_0114,31,run.py
2022-01-15,2022,KRICO_0115,1,run.py
2022-01-16,2022,KRICO_0115,2,run.py
2022-01-17,2022,KRICO_0115,3,run.py
2022-01-18,2022,KRICO_0115,4,run.py
2022-01-19,2022,KRICO_0115,5,run.py
2022-01-20,2022,KRICO_0115,6,run.py
2022-01-21,2022,KRICO_0115,7,run.py
2022-01-22,2022,KRICO_0115,8,run.py
2022-01-23,2022,KRICO_0115,9,run.py
2022-01-24,2022,KRICO_0115,10,run.py
2022-01-25,2022,KRICO_0115,11,run.py
2022-01-26,2022,KRICO_0115,12,run.py
2022-01-27,2022,KRICO_0115,13,run.py
2022-01-28,2022,KRICO_0115,14,run.py
2022-01-29,2022,KRICO_0115,15,run.py
2022-01-30,2022,KRICO_0115,16,run.py
2022-01-31,2022,KRICO_0115,17,run.py
2022-02-01,2022,KRICO_0115,18,run.py
2022-02-02,2022,KRICO_0115,19,run.py
2022-02-03,2022,KRICO_0115,20,run.py
2022-02-04,2022,KRICO_0115,21,run.py
2022-02-05,2022,KRICO_0115,22,run.py
2022-02-06,2022,KRICO_0115,23,run.py
2022-02-07,2022,KRICO_0115,24,run.py
2022-02-08,2022,KRICO_0115,25,run.py
2022-02-09,2022,KRICO_0115,26,run.py
2022-02-10,2022,KRICO_0115,27,run.py
2022-02-11,2022,KRICO_0115,28,run.py
2022-02-12,2022,KRICO_0115,29,run.py
2022-02-13,2022,KRICO_0115,30,run.py
2022-02-14,2022,KRICO_0115,31,run.py
2022-02-15,2022,KRICO_0116,1,run.py
2022-02-16,2022,KRICO_0116,2,run.py
2022-02-17,2022,KRICO_0116,3,run.py
2022-02-18,2022,KRICO_0116,4,run.py
2022-02-19,2022,KRICO_0116,5,run.py
2022-02-20,2022,KRICO_0116,6,run.py
2022-02-21,2022,KRICO_0116,7,run.py
2022-02-22,2022,KRICO_0116,8,run.py
2022-02-23,2022,KRICO_0116,9,run.py
2022-02-24,2022,KRICO_0116,10,run.py
2022-02-25,2022,KRICO_0116,11,run.py
2022-02-26,2022,KRICO_0116,12,run.py
2022-02-27,2022,KRICO_0116,13,run.py
2022-02-28,2022,KRICO_0116,14,run.py
2022-03-01,2022,KRICO_0116,18,run.py
2022-03-02,2022,KRICO_0116,19,run.py
2022-03-03,2022,KRICO_0116,20,run.py
2022-03-04,2022,KRICO_0116,21,run.py
2022-03-05,2022,KRICO_0116,22,run.py
2022-03-06,2022,KRICO_0116,23,run.py
2022-03-07,2022,KRICO_0116,24,run.py
2022-03-08,2022,KRICO_0116,25,run.py
2022-03-09,2022,KRICO_0116,26,run.py
2022-03-10,2022,KRICO_0116,27,run.py
2022-03-11,2022,KRICO_0116,28,run.py
2022-03-12,2022,KRICO_0116,29,run.py
2022-03-13,2022,KRICO_0116,30,run.py
2022-03-14,2022,KRICO_0116,31,run.py
2022-11-15,2023,KRICO_0117,1,run.py
2022-11-16,2023,KRICO_0117,2,run.py
2022-11-17,2023,KRICO_0117,3,run.py
2022-11-18,2023,KRICO_0117,4,run.py
2022-11-19,2023,KRICO_0117,5,run.py
2022-11-20,2023,KRICO_0117,6,run.py
2022-11-21,2023,KRICO_0117,7,run.py
2022-11-22,2023,KRICO_0117,8,run.py
2022-11-23,2023,KRICO_0117,9,run.py
2022-11-24,2023,KRICO_0117,10,run.py
2022-11-25,2023,KRICO_0117,11,run.py
2022-11-26,2023,KRICO_0117,12,run.py
2022-11-27,2023,KRICO_0117,13,run.py
2022-11-28,2023,KRICO_0117,14,run.py
2022-11-29,2023,KRICO_0117,15,run.py
2022-11-30,2023,KRICO_0117,16,run.py
2022-12-01,2023,KRICO_0117,18,run.py
2022-12-02,2023,KRICO_0117,19,run.py
2022-12-03,2023,KRICO_0117,20,run.py
2022-12-04,2023,KRICO_0117,21,run.py
2022-12-05,2023,KRICO_0117,22,run.py
2022-12-06,2023,KRICO_0117,23,run.py
2022-12-07,2023,KRICO_0117,24,run.py
2022-12-08,2023,KRICO_0117,25,run.py
2022-12-09,2023,KRICO_0117,26,run.py
2022-12-10,2023,KRICO_0117,27,run.py
2022-12-11,2023,KRICO_0117,28,run.py
2022-12-12,2023,KRICO_0117,29,run.py
2022-12-13,2023,KRICO_0117,30,run.py
2022-12-14,2023,KRICO_0117,31,run.py
2022-12-15,2023,KRICO_0118,1,run.py
2022-12-16,2023,KRICO_0118,2,run.py
2022-12-17,2023,KRICO_0118,3,run.py
2022-12-18,2023,KRICO_0118,4,run.py
2022-12-19,2023,KRICO_0118,5,run.py
2022-12-20,2023,KRICO_0118,6,run.py
2022-12-21,2023,KRICO_0118,7,run.py
2022-12-22,2023,KRICO_0118,8,run.py
2022-12-23,2023,KRICO_0118,9,run.py
2022-12-24,2023,KRICO_0118,10,run.py
2022-12-25,2023,KRICO_0118,11,run.py
2022-12-26,2023,KRICO_0118,12,run.py
2022-12-27,2023,KRICO_0118,13,run.py
2022-12-28,2023,KRICO_0118,14,run.py
2022-12-29,2023,KRICO_0118,15,run.py
2022-12-30,2023,KRICO_0118,16,run.py
2022-12-31,2023,KRICO_0118,17,run.py
2023-01-01,2023,KRICO_0118,18,run.py
2023-01-02,2023,KRICO_0118,19,run.py
2023-01-03,2023,KRICO_0118,20,run.py
2023-01-04,2023,KRICO_0118,21,run.py
2023-01-05,2023,KRICO_0118,22,run.py
2023-01-06,2023,KRICO_0118,23,run.py
2023-01-07,2023,KRICO_0118,24,run.py
2023-01-08,2023,KRICO_0118,25,run.py
2023-01-09,2023,KRICO_0118,26,run.py
2023-01-10,2023,KRICO_0118,27,run.py
2023-01-11,2023,KRICO_0118,28,run.py
2023-01-12,2023,KRICO_0118,29,run.py
2023-01-13,2023,KRICO_0118,30,run.py
2023-01-14,2023,KRICO_0118,31,run.py
2023-01-15,2023,KRICO_0119,1,run.py
2023-01-16,2023,KRICO_0119,2,run.py
2023-01-17,2023,KRICO_0119,3,run.py
2023-01-18,2023,KRICO_0119,4,run.py
2023-01-19,2023,KRICO_0119,5,run.py
2023-01-20,2023,KRICO_0119,6,run.py
2023-01-21,2023,KRICO_0119,7,run.py
2023-01-22,2023,KRICO_0119,8,run.py
2023-01-23,2023,KRICO_0119,9,run.py
2023-01-24,2023,KRICO_0119,10,run.py
2023-01-25,2023,KRICO_0119,11,run.py
2023-01-26,2023,KRICO_0119,12,run.py
2023-01-27,2023,KRICO_0119,13,run.py
2023-01-28,2023,KRICO_0119,14,run.py
2023-01-29,2023,KRICO_0119,15,run.py
2023-01-30,2023,KRICO_0119,16,run.py
2023-01-31,2023,KRICO_0119,17,run.py
2023-02-01,2023,KRICO_0119,18,run.py
2023-02-02,2023,KRICO_0119,19,run.py
2023-02-03,2023,KRICO_0119,20,run.py
2023-02-04,2023,KRICO_0119,21,run.py
2023-02-05,2023,KRICO_0119,22,run.py
2023-02-06,2023,KRICO_0119,23,run.py
2023-02-07,2023,KRICO_0119,24,run.py
2023-02-08,2023,KRICO_0119,25,run.py
2023-02-09,2023,KRICO_0119,26,run.py
2023-02-10,2023,KRICO_0119,27,run.py
2023-02-11,2023,KRICO_0119,28,run.py
2023-02-12,2023,KRICO_0119,29,run.py
2023-02-13,2023,KRICO_0119,30,run.py
2023-02-14,2023,KRICO_0119,31,run.py
2023-02-15,2023,KRICO_0120,1,run.py
2023-02-16,2023,KRICO_0120,2,run.py
2023-02-17,2023,KRICO_0120,3,run.py
2023-02-18,2023,KRICO_0120,4,run.py
2023-02-19,2023,KRICO_0120,5,run.py
2023-02-20,2023,KRICO_0120,6,run.py
2023-02-21,2023,KRICO_0120,7,run.py
2023-02-22,2023,KRICO_0120,8,run.py
2023-02-23,2023,KRICO_0120,9,run.py
2023-02-24,2023,KRICO_0120,10,run.py
2023-02-25,2023,KRICO_0120,11,run.py
2023-02-26,2023,KRICO_0120,12,run.py
2023-02-27,2023,KRICO_0120,13,run.py
2023-02-28,2023,KRICO_0120,14,run.py
2023-03-01,2023,KRICO_0120,18,run.py
2023-03-02,2023,KRICO_0120,19,run.py
2023-03-03,2023,KRICO_0120,20,run.py
2023-03-04,2023,KRICO_0120,21,run.py
2023-03-05,2023,KRICO_0120,22,run.py
2023-03-06,2023,KRICO_0120,23,run.py
2023-03-07,2023,KRICO_0120,24,run.py
2023-03-08,2023,KRICO_0120,25,run.py
2023-03-09,2023,KRICO_0120,26,run.py
2023-03-10,2023,KRICO_0120,27,run.py
2023-03-11,2023,KRICO_0120,28,run.py
2023-03-12,2023,KRICO_0120,29,run.py
2023-03-13,2023,KRICO_0120,30,run.py
2023-03-14,2023,KRICO_0120,31,run.py
2023-11-15,2024,KRICO_0121,1,run.py
2023-11-16,2024,KRICO_0121,2,run.py
2023-11-17,2024,KRICO_0121,3,run.py
2023-11-18,2024,KRICO_0121,4,run.py
2023-11-19,2024,KRICO_0121,5,run.py
2023-11-20,2024,KRICO_0121,6,run.py
2023-11-21,2024,KRICO_0121,7,run.py
2023-11-22,2024,KRICO_0121,8,run.py
2023-11-23,2024,KRICO_0121,9,run.py
2023-11-24,2024,KRICO_0121,10,run.py
2023-11-25,2024,KRICO_0121,11,run.py
2023-11-26,2024,KRICO_0121,12,run.py
2023-11-27,2024,KRICO_0121,13,run.py
2023-11-28,2024,KRICO_0121,14,run.py
2023-11-29,2024,KRICO_0121,15,run.py
2023-11-30,2024,KRICO_0121,16,run.py
2023-12-01,2024,KRICO_0121,18,run.py
2023-12-02,2024,KRICO_0121,19,run.py
2023-12-03,2024,KRICO_0121,20,run.py
2023-12-04,2024,KRICO_0121,21,run.py
2023-12-05,2024,KRICO_0121,22,run.py
2023-12-06,2024,KRICO_0121,23,run.py
2023-12-07,2024,KRICO_0121,24,run.py
2023-12-08,2024,KRICO_0121,25,run.py
2023-12-09,2024,KRICO_0121,26,run.py
2023-12-10,2024,KRICO_0121,27,run.py
2023-12-11,2024,KRICO_0121,28,run.py
2023-12-12,2024,KRICO_0121,29,run.py
2023-12-13,2024,KRICO_0121,30,run.py
2023-12-14,2024,KRICO_0121,31,run.py
2023-12-15,2024,KRICO_0122,1,run.py
2023-12-16,2024,KRICO_0122,2,run.py
2023-12-17,2024,KRICO_0122,3,run.py
2023-12-18,2024,KRICO_0122,4,run.py
2023-12-19,2024,KRICO_0122,5,run.py
2023-12-20,2024,KRICO_0122,6,run.py
2023-12-21,2024,KRICO_0122,7,run.py
2023-12-22,2024,KRICO_0122,8,run.py
2023-12-23,2024,KRICO_0122,9,run.py
2023-12-24,2024,KRICO_0122,10,run.py
2023-12-25,2024,KRICO_0122,11,run.py
2023-12-26,2024,KRICO_0122,12,run.py
2023-12-27,2024,KRICO_0122,13,run.py
2023-12-28,2024,KRICO_0122,14,run.py
2023-12-29,2024,KRICO_0122,15,run.py
2023-12-30,2024,KRICO_0122,16,run.py
2023-12-31,2024,KRICO_0122,17,run.py
2024-01-01,2024,KRICO_0122,18,run.py
2024-01-02,2024,KRICO_0122,19,run.py
2024-01-03,2024,KRICO_0122,20,run.py
2024-01-04,2024,KRICO_0122,21,run.py
2024-01-05,2024,KRICO_0122,22,run.py
2024-01-06,2024,KRICO_0122,23,run.py
2024-01-07,2024,KRICO_0122,24,run.py
2024-01-08,2024,KRICO_0122,25,run.py
2024-01-09,2024,KRICO_0122,26,run.py
2024-01-10,2024,KRICO_0122,27,run.py
2024-01-11,2024,KRICO_0122,28,run.py
2024-01-12,2024,KRICO_0122,29,run.py
2024-01-13,2024,KRICO_0122,30,run.py
2024-01-14,2024,KRICO_0122,31,run.py
2024-01-15,2024,KRICO_0123,1,run.py
2024-01-16,2024,KRICO_0123,2,run.py
2024-01-17,2024,KRICO_0123,3,run.py
2024-01-18,2024,KRICO_0123,4,run.py
2024-01-19,2024,KRICO_0123,5,run.py
2024-01-20,2024,KRICO_0123,6,run.py
2024-01-21,2024,KRICO_0123,7,run.py
2024-01-22,2024,KRICO_0123,8,run.py
2024-01-23,2024,KRICO_0123,9,run.py
2024-01-24,2024,KRICO_0123,10,run.py
2024-01-25,2024,KRICO_0123,11,run.py
2024-01-26,2024,KRICO_0123,12,run.py
2024-01-27,2024,KRICO_0123,13,run.py
2024-01-28,2024,KRICO_0123,14,run.py
2024-01-29,2024,KRICO_0123,15,run.py
2024-01-30,2024,KRICO_0123,16,run.py
2024-01-31,2024,KRICO_0123,17,run.py
2024-02-01,2024,KRICO_0123,18,run.py
2024-02-02,2024,KRICO_0123,19,run.py
2024-02-03,2024,KRICO_0123,20,run.py
2024-02-04,2024,KRICO_0123,21,run.py
2024-02-05,2024,KRICO_0123,22,run.py
2024-02-06,2024,KRICO_0123,23,run.py
2024-02-07,2024,KRICO_0123,24,run.py
2024-02-08,2024,KRICO_0123,25,run.py
2024-02-09,2024,KRICO_0123,26,run.py
2024-02-10,2024,KRICO_0123,27,run.py
2024-02-11,2024,KRICO_0123,28,run.py
2024-02-12,2024,KRICO_0123,29,run.py
2024-02-13,2024,KRICO_0123,30,run.py
2024-02-14,2024,KRICO_0123,31,run.py
2024-02-15,2024,KRICO_0124,1,run.py
2024-02-16,2024,KRICO_0124,2,run.py
2024-02-17,2024,KRICO_0124,3,run.py
2024-02-18,2024,KRICO_0124,4,run.py
2024-02-19,2024,KRICO_0124,5,run.py
2024-02-20,2024,KRICO_0124,6,run.py
2024-02-21,2024,KRICO_0124,7,run.py
2024-02-22,2024,KRICO_0124,8,run.py
2024-02-23,2024,KRICO_0124,9,run.py
2024-02-24,2024,KRICO_0124,10,run.py
2024-02-25,2024,KRICO_0124,11,run.py
2024-02-26,2024,KRICO_0124,12,run.py
2024-02-27,2024,KRICO_0124,13,run.py
2024-02-28,2024,KRICO_0124,14,run.py
2024-02-29,2024,KRICO_0124,15,run.py
2024-03-01,2024,KRICO_0124,18,run.py
2024-03-02,2024,KRICO_0124,19,run.py
2024-03-03,2024,KRICO_0124,20,run.py
2024-03-04,2024,KRICO_0124,21,run.py
2024-03-05,2024,KRICO_0124,22,run.py
2024-03-06,2024,KRICO_0124,23,run.py
2024-03-07,2024,KRICO_0124,24,run.py
2024-03-08,2024,KRICO_0124,25,run.py
2024-03-09,2024,KRICO_0124,26,run.py
2024-03-10,2024,KRICO_0124,27,run.py
2024-03-11,2024,KRICO_0124,28,run.py
2024-03-12,2024,KRICO_0124,29,run.py
2024-03-13,2024,KRICO_0124,30,run.py
2024-03-14,2024,KRICO_0124,31,run.py
2024-11-15,2025,KRICO_0125,1,run.py
2024-11-16,2025,KRICO_0125,2,run.py
2024-11-17,2025,KRICO_0125,3,run_ter.py
2024-11-18,2025,KRICO_0125,4,run_bis.py
2024-11-19,2025,KRICO_0125,5,run.py
2024-11-20,2025,KRICO_0125,6,run_ter.py
2024-11-21,2025,KRICO_0125,7,run_bis.py
2024-11-22,2025,KRICO_0125,8,run_ter.py
2024-11-23,2025,KRICO_0125,9,run_bis.py
2024-11-24,2025,KRICO_0125,10,run.py
2024-11-25,2025,KRICO_0125,11,run_ter.py
2024-11-26,2025,KRICO_0125,12,run.py
2024-11-27,2025,KRICO_0125,13,run.py
2024-11-28,2025,KRICO_0125,14,run.py
2024-11-29,2025,KRICO_0125,15,run_bis.py
2024-11-30,2025,KRICO_0125,16,run.py
2024-12-01,2025,KRICO_0125,18,run.py
2024-12-02,2025,KRICO_0125,19,run.py
2024-12-03,2025,KRICO_0125,20,run.py
2024-12-04,2025,KRICO_0125,21,run.py
2024-12-05,2025,KRICO_0125,22,run.py
2024-12-06,2025,KRICO_0125,23,run.py
2024-12-07,2025,KRICO_0125,24,run.py
2024-12-08,2025,KRICO_0125,25,run.py
2024-12-09,2025,KRICO_0125,26,run.py
2024-12-10,2025,KRICO_0125,27,run.py
2024-12-11,2025,KRICO_0125,28,run.py
2024-12-12,2025,KRICO_0125,29,run.py
2024-12-13,2025,KRICO_0125,30,run.py
2024-12-14,2025,KRICO_0125,31,run.py
2024-12-15,2025,KRICO_0126,1,run.py
2024-12-16,2025,KRICO_0126,2,run.py
2024-12-17,2025,KRICO_0126,3,run.py
2024-12-18,2025,KRICO_0126,4,run.py
2024-12-19,2025,KRICO_0126,5,run.py
2024-12-20,2025,KRICO_0126,6,run.py
2024-12-21,2025,KRICO_0126,7,run.py
2024-12-22,2025,KRICO_0126,8,run.py
2024-12-23,2025,KRICO_0126,9,run.py
2024-12-24,2025,KRICO_0126,10,run.py
2024-12-25,2025,KRICO_0126,11,run.py
2024-12-26,2025,KRICO_0126,12,run.py
2024-12-27,2025,KRICO_0126,13,run.py
2024-12-28,2025,KRICO_0126,14,run.py
2024-12-29,2025,KRICO_0126,15,run.py
2024-12-30,2025,KRICO_0126,16,run_bis.py
2024-12-31,2025,KRICO_0126,17,run.py
2025-01-01,2025,KRICO_0126,18,run.py
2025-01-02,2025,KRICO_0126,19,run.py
2025-01-03,2025,KRICO_0126,20,run.py
2025-01-04,2025,KRICO_0126,21,run.py
2025-01-05,2025,KRICO_0126,22,run.py
2025-01-06,2025,KRICO_0126,23,run.py
2025-01-07,2025,KRICO_0126,24,run.py
2025-01-08,2025,KRICO_0126,25,run.py
2025-01-09,2025,KRICO_0126,26,run.py
2025-01-10,2025,KRICO_0126,27,run.py
2025-01-11,2025,KRICO_0126,28,run.py
2025-01-12,2025,KRICO_0126,29,run.py
2025-01-13,2025,KRICO_0126,30,run.py
2025-01-14,2025,KRICO_0126,31,run.py
2025-01-15,2025,KRICO_0127,1,run.py
2025-01-16,2025,KRICO_0127,2,run_bis.py
2025-01-17,2025,KRICO_0127,3,run.py
2025-01-18,2025,KRICO_0127,4,run.py
2025-01-19,2025,KRICO_0127,5,run.py
2025-01-20,2025,KRICO_0127,6,run.py
2025-01-21,2025,KRICO_0127,7,run.py
2025-01-22,2025,KRICO_0127,8,run.py
2025-01-23,2025,KRICO_0127,9,run.py
2025-01-24,2025,KRICO_0127,10,run.py
2025-01-25,2025,KRICO_0127,11,run.py
2025-01-26,2025,KRICO_0127,12,run.py
2025-01-27,2025,KRICO_0127,13,run.py
2025-01-28,2025,KRICO_0127,14,run.py
2025-01-29,2025,KRICO_0127,15,run.py
2025-01-30,2025,KRICO_0127,16,run.py
2025-01-31,2025,KRICO_0127,17,run.py
2025-02-01,2025,KRICO_0127,18,run.py
2025-02-02,2025,KRICO_0127,19,run.py
2025-02-03,2025,KRICO_0127,20,run.py
2025-02-04,2025,KRICO_0127,21,run.py
2025-02-05,2025,KRICO_0127,22,run.py
2025-02-06,2025,KRICO_0127,23,run.py
2025-02-07,2025,KRICO_0127,24,run.py
2025-02-08,2025,KRICO_0127,25,run.py
2025-02-09,2025,KRICO_0127,26,run.py
2025-02-10,2025,KRICO_0127,27,run.py
2025-02-11,2025,KRICO_0127,28,run.py
2025-02-12,2025,KRICO_0127,29,run.py
2025-02-13,2025,KRICO_0127,30,run.py
2025-02-14,2025,KRICO_0127,31,run.py
2025-02-15,2025,KRICO_0128,1,run.py
2025-02-16,2025,KRICO_0128,2,run.py
2025-02-17,2025,KRICO_0128,3,run.py
2025-02-18,2025,KRICO_0128,4,run.py
2025-02-19,2025,KRICO_0128,5,run.py
2025-02-20,2025,KRICO_0128,6,run.py
2025-02-21,2025,KRICO_0128,7,run.py
2025-02-22,2025,KRICO_0128,8,run.py
2025-02-23,2025,KRICO_0128,9,run.py
2025-02-24,2025,KRICO_0128,10,run.py
2025-02-25,2025,KRICO_0128,11,run.py
2025-02-26,2025,KRICO_0128,12,run.py
2025-02-27,2025,KRICO_0128,13,run.py
2025-02-28,2025,KRICO_0128,14,run.py
2025-03-01,2025,KRICO_0128,18,run.py
2025-03-02,2025,KRICO_0128,19,run.py
2025-03-03,2025,KRICO_0128,20,run.py
2025-03-04,2025,KRICO_0128,21,run.py
2025-03-05,2025,KRICO_0128,22,run.py
2025-03-06,2025,KRICO_0128,23,run.py
2025-03-07,2025,KRICO_0128,24,run.py
2025-03-08,2025,KRICO_0128,25,run.py
2025-03-09,2025,KRICO_0128,26,run.py
2025-03-10,2025,KRICO_0128,27,run.py
2025-03-11,2025,KRICO_0128,28,run.py
2025-03-12,2025,KRICO_0128,29,run.py
2025-03-13,2025,KRICO_0128,30,run.py
2025-03-14,2025,KRICO_0128,31,run.py
